<?xml version="1.0"?>
<doc>
    <assembly>
        <name>Buffalo.Kernel</name>
    </assembly>
    <members>
        <member name="M:Buffalo.Kernel.CharCollectionEnumerator.#ctor(System.String)">
            <summary>
            字符集合的枚举器
            </summary>
            <param name="chrs"></param>
        </member>
        <member name="P:Buffalo.Kernel.CharCollectionEnumerator.CurIndex">
            <summary>
            当前索引
            </summary>
        </member>
        <member name="P:Buffalo.Kernel.CharCollectionEnumerator.CurrentChar">
            <summary>
            当前字符
            </summary>
        </member>
        <member name="T:Buffalo.Kernel.ClassProxyBuilder.DefaultProxyBuilder">
            <summary>
            代理建造类
            </summary>
        </member>
        <member name="M:Buffalo.Kernel.ClassProxyBuilder.DefaultProxyBuilder.#ctor(System.String,System.Type)">
            <summary>
            代理建造类
            </summary>
            <param name="classNamespace">类的命名空间</param>
            <param name="interceptorType">拦截器</param>
        </member>
        <member name="M:Buffalo.Kernel.ClassProxyBuilder.DefaultProxyBuilder.CreateProxyType(System.Type,System.String)">
            <summary>
            建造代理类
            </summary>
            <typeparam name="T"></typeparam>
            <returns></returns>
        </member>
        <member name="M:Buffalo.Kernel.ClassProxyBuilder.DefaultProxyBuilder.BulidType(System.Type,System.Reflection.Emit.ModuleBuilder,System.String)">
            <summary>
            建造类
            </summary>
            <param name="classType"></param>
            <param name="moduleBuilder"></param>
            <returns></returns>
        </member>
        <member name="M:Buffalo.Kernel.ClassProxyBuilder.DefaultProxyBuilder.NeedBuildBeforeMethod(System.Type,System.Reflection.MethodInfo)">
            <summary>
            判断需要重建函数
            </summary>
            <param name="methodInfo"></param>
        </member>
        <member name="M:Buffalo.Kernel.ClassProxyBuilder.DefaultProxyBuilder.NeedBuildAfterMethod(System.Type,System.Reflection.MethodInfo)">
            <summary>
            判断需要重建函数
            </summary>
            <param name="methodInfo"></param>
        </member>
        <member name="M:Buffalo.Kernel.ClassProxyBuilder.DefaultProxyBuilder.BuildMethod(System.Type,System.Reflection.Emit.FieldBuilder,System.Reflection.Emit.TypeBuilder)">
            <summary>
            建方法
            </summary>
            <param name="classType"></param>
            <param name="inspectorFieldBuilder"></param>
            <param name="typeBuilder"></param>
        </member>
        <member name="T:Buffalo.Kernel.ClassProxyBuilder.IInterceptor">
            <summary>
            拦截器接口
            </summary>
        </member>
        <member name="M:Buffalo.Kernel.ClassProxyBuilder.IInterceptor.BeforeCall(System.String,System.Object[])">
            <summary>
            方法调用前
            </summary>
            <param name="operationName">方法名</param>
            <param name="inputs">参数</param>
            <returns>状态对象，用于调用后传入</returns>
        </member>
        <member name="M:Buffalo.Kernel.ClassProxyBuilder.IInterceptor.AfterCall(System.Object,System.String,System.Object,System.Object)">
            <summary>
            方法调用后
            </summary>
            <param name="operationName">方法名</param>
            <param name="returnValue">结果</param>
            <param name="correlationState">状态对象</param>
        </member>
        <member name="T:Buffalo.Kernel.CommonMethods">
            <summary>
            常用的方法类
            </summary>
        </member>
        <member name="M:Buffalo.Kernel.CommonMethods.GetBaseRoot(System.String)">
            <summary>
            获取基路径
            </summary>
            <param name="configRoot"></param>
            <returns></returns>
        </member>
        <member name="M:Buffalo.Kernel.CommonMethods.GetBaseRoot">
            <summary>
            获取应用程序的基目录
            </summary>
            <returns></returns>
        </member>
        <member name="M:Buffalo.Kernel.CommonMethods.CopyNewer(System.String,System.String)">
            <summary>
            通过版本号判断拷贝文件
            </summary>
            <param name="source">源文件</param>
            <param name="target">目标文件</param>
            <returns></returns>
        </member>
        <member name="M:Buffalo.Kernel.CommonMethods.IsNullOrWhiteSpace(System.String)">
            <summary>
            判断字符串是 null、空还是仅由空白字符组成（为.net2.0扩展的方法，等同于string.IsNullOrWhiteSpace）
            </summary>
            <param name="value">字符串</param>
            <returns></returns>
        </member>
        <member name="M:Buffalo.Kernel.CommonMethods.IsCollectionNullOrEmpty(System.Collections.ICollection)">
            <summary>
            判断集合是 null还是空的集合。
            </summary>
            <param name="lst"></param>
            <returns></returns>
        </member>
        <member name="M:Buffalo.Kernel.CommonMethods.IsNull(System.Object)">
            <summary>
            判断是否为空
            </summary>
            <param name="value">值</param>
            <returns></returns>
        </member>
        <member name="M:Buffalo.Kernel.CommonMethods.GuidToString(System.Guid)">
            <summary>
            GUID转成字符串
            </summary>
            <param name="id"></param>
            <returns></returns>
        </member>
        <member name="M:Buffalo.Kernel.CommonMethods.StringToGuid(System.String)">
            <summary>
            字符串转回GUID
            </summary>
            <param name="id"></param>
            <returns></returns>
        </member>
        <member name="M:Buffalo.Kernel.CommonMethods.DataSetToXML(System.Data.DataSet,System.Data.XmlWriteMode)">
            <summary>
            把DataSet打成XML字符串
            </summary>
            <param name="ds">要处理的DataSet</param>
            <param name="mode">指定如何从 System.Data.DataSet 写入 XML 数据和关系架构</param>
            <returns></returns>
        </member>
        <!-- 对于成员“M:Buffalo.Kernel.CommonMethods.DataSetToXML(System.Data.DataSet)”忽略有格式错误的 XML 注释 -->
        <member name="M:Buffalo.Kernel.CommonMethods.XMLToDataSet(System.String,System.Data.XmlReadMode)">
            <summary>
            XML字符串转成DataSet
            </summary>
            <param name="xml">xml字符串</param>
            <param name="mode">指定如何将 XML 数据和关系架构读入 System.Data.DataSet</param>
            <returns></returns>
        </member>
        <member name="M:Buffalo.Kernel.CommonMethods.XMLToDataSet(System.String)">
            <summary>
            XML字符串转成DataSet
            </summary>
            <param name="xml">xml字符串</param>
            <returns></returns>
        </member>
        <member name="M:Buffalo.Kernel.CommonMethods.ConvertIntDateTime(System.Double)">
            <summary>
            将Unix时间戳转换为DateTime类型时间
            </summary>
            <param name="d">double 型数字</param>
            <returns>DateTime</returns>
        </member>
        <member name="M:Buffalo.Kernel.CommonMethods.ConvertDateTimeInt(System.DateTime)">
            <summary>
            将c# DateTime时间格式转换为Unix时间戳格式
            </summary>
            <param name="time">时间</param>
            <returns>double</returns>
        </member>
        <member name="M:Buffalo.Kernel.CommonMethods.RawDeserialize(System.Byte[],System.Type)">
            <summary>
            反序列化结构体
            </summary>
            <param name="rawdatas"></param>
            <returns></returns>
        </member>
        <member name="M:Buffalo.Kernel.CommonMethods.RawDeserialize``1(System.Byte[])">
            <summary>
            反序列化结构体
            </summary>
            <param name="rawdatas"></param>
            <returns></returns>
        </member>
        <member name="M:Buffalo.Kernel.CommonMethods.RawDeserialize(System.IO.Stream,System.Type)">
            <summary>
            从流中读出元素
            </summary>
            <param name="stm"></param>
            <param name="objType"></param>
            <returns></returns>
        </member>
        <member name="M:Buffalo.Kernel.CommonMethods.RawDeserialize``1(System.IO.Stream)">
            <summary>
            从流中读出元素
            </summary>
            <param name="stm">流</param>
            <returns></returns>
        </member>
        <member name="M:Buffalo.Kernel.CommonMethods.RawSerialize(System.Object)">
            <summary>
            对象序列化成字节数组
            </summary>
            <param name="obj">对象</param>
            <returns></returns>
        </member>
        <member name="M:Buffalo.Kernel.CommonMethods.GetLocalIP">
            <summary>
            获取本机IP
            </summary>
            <returns></returns>
        </member>
        <member name="M:Buffalo.Kernel.CommonMethods.EntityProChangeType(System.Object,System.Type)">
            <summary>
            实体类型转换
            </summary>
            <param name="sValue">源值</param>
            <param name="targetType">目标类型</param>
            <returns></returns>
        </member>
        <member name="M:Buffalo.Kernel.CommonMethods.ChangeType(System.Object,System.Type)">
            <summary>
            转换类型
            </summary>
            <param name="sValue">值</param>
            <param name="targetType">目标类型</param>
            <returns></returns>
        </member>
        <member name="M:Buffalo.Kernel.CommonMethods.LoadStreamData(System.IO.Stream)">
            <summary>
            读取流的内容
            </summary>
            <param name="stm">流</param>
            <returns></returns>
        </member>
        <member name="M:Buffalo.Kernel.CommonMethods.LoadStreamData2(System.IO.Stream)">
            <summary>
            读取流的内容
            </summary>
            <param name="stm">流</param>
            <returns></returns>
        </member>
        <member name="M:Buffalo.Kernel.CommonMethods.CopyStreamData(System.IO.Stream,System.IO.Stream)">
            <summary>
            流内容复制
            </summary>
            <param name="stmSource">源</param>
            <param name="stmTarget">目标</param>
        </member>
        <member name="M:Buffalo.Kernel.CommonMethods.CopyStreamData(System.IO.Stream,System.IO.Stream,System.Int64,System.Web.HttpResponse)">
            <summary>
            流内容复制
            </summary>
            <param name="stmSource">源</param>
            <param name="stmTarget">目标</param>
            <param name="length">长度</param>
        </member>
        <member name="M:Buffalo.Kernel.CommonMethods.GetAllNumber(System.String)">
            <summary>
            获取字符串里边的所有数字
            </summary>
            <param name="str"></param>
            <returns></returns>
        </member>
        <member name="M:Buffalo.Kernel.CommonMethods.BytesToHexString(System.Byte[])">
            <summary>
            把字节数组转成十六进制字符串
            </summary>
            <param name="bye">字节数组</param>
            <returns></returns>
        </member>
        <member name="M:Buffalo.Kernel.CommonMethods.ToByteString(System.String)">
            <summary>
            把文字转成十六进制字符码
            </summary>
            <returns></returns>
        </member>
        <member name="M:Buffalo.Kernel.CommonMethods.HexStringToBytes(System.String)">
            <summary>
            把十六进制字符串转成字节数组
            </summary>
            <param name="str">十六进制字符串</param>
            <returns></returns>
        </member>
        <member name="M:Buffalo.Kernel.CommonMethods.FormatString(System.Object)">
            <summary>
            格式化字符串
            </summary>
            <param name="str"></param>
            <returns></returns>
        </member>
        <member name="M:Buffalo.Kernel.CommonMethods.FormatLongString(System.Object,System.Int32)">
            <summary>
            格式化长字符串
            </summary>
            <param name="str"></param>
            <returns></returns>
        </member>
        <member name="M:Buffalo.Kernel.CommonMethods.GetCode(System.Int32)">
            <summary>
             随机生成字符串
            </summary>
            <param name="length">生成多少位随机字符串</param>
            <returns></returns>
        </member>
        <member name="M:Buffalo.Kernel.CommonMethods.FormatDateTimeString(System.DateTime)">
            <summary>
            格式化输出的日期
            </summary>
            <param name="dt"></param>
            <returns></returns>
        </member>
        <member name="M:Buffalo.Kernel.CommonMethods.IsIntNumber(System.String)">
            <summary>
            判断该字符串是否整型数字
            </summary>
            <param name="str">字符串</param>
            <returns></returns>
        </member>
        <member name="M:Buffalo.Kernel.CommonMethods.ListToDictionary``2(System.Collections.IEnumerable,System.String)">
            <summary>
            把集合转换成字典类
            </summary>
            <typeparam name="TKey">键类型</typeparam>
            <typeparam name="TValue">值类型 </typeparam>
            <param name="collection">集合类</param>
            <param name="keyProperty">键名</param>
            <returns></returns>
        </member>
        <member name="M:Buffalo.Kernel.CommonMethods.IsNumber(System.String)">
            <summary>
            判断该字符串是否整型数字
            </summary>
            <param name="str">字符串</param>
            <returns></returns>
        </member>
        <member name="P:Buffalo.Kernel.CommonMethods.IsWebContext">
            <summary>
            检测是否Web程序
            </summary>
        </member>
        <member name="T:Buffalo.Kernel.ContextValue">
            <summary>
            上下文值
            </summary>
        </member>
        <member name="F:Buffalo.Kernel.ContextValue._gethandle">
            <summary>
            获取的方法
            </summary>
        </member>
        <member name="F:Buffalo.Kernel.ContextValue._sethandle">
            <summary>
            设置的方法
            </summary>
        </member>
        <member name="M:Buffalo.Kernel.ContextValue.WebGetValue(System.String)">
            <summary>
            Web形式获取值
            </summary>
            <param name="key"></param>
            <returns></returns>
        </member>
        <member name="M:Buffalo.Kernel.ContextValue.WebSetValue(System.String,System.Object)">
            <summary>
            Web形式设置值
            </summary>
            <param name="key"></param>
            <returns></returns>
        </member>
        <member name="M:Buffalo.Kernel.ContextValue.AppGetValue(System.String)">
            <summary>
            Win程序形式获取值
            </summary>
            <param name="key"></param>
            <returns></returns>
        </member>
        <member name="M:Buffalo.Kernel.ContextValue.AppSetValue(System.String,System.Object)">
            <summary>
            Win程序形式设置值
            </summary>
            <param name="key"></param>
            <returns></returns>
        </member>
        <member name="P:Buffalo.Kernel.ContextValue.Item(System.String)">
            <summary>
            上下文值
            </summary>
            <param name="key">获取值的键</param>
            <returns></returns>
        </member>
        <member name="M:Buffalo.Kernel.CSVReader.ReaderRow">
            <summary>
            读取行
            </summary>
            <returns></returns>
        </member>
        <member name="M:Buffalo.Kernel.CSVReader.ReadValue">
            <summary>
            读取值
            </summary>
            <returns></returns>
        </member>
        <member name="P:Buffalo.Kernel.CSVReader.IsEnd">
            <summary>
            是否已经读完
            </summary>
        </member>
        <member name="M:Buffalo.Kernel.Defaults.DefaultType.GetCSharpVariableType(System.Data.DbType)">
            <summary>
            获取C#类型
            </summary>
            <param name="type"></param>
            <returns></returns>
        </member>
        <member name="M:Buffalo.Kernel.Defaults.DefaultType.IsDefaultValue(System.Object)">
            <summary>
            判断是否默认值
            </summary>
            <param name="value"></param>
            <returns></returns>
        </member>
        <member name="M:Buffalo.Kernel.Defaults.DefaultType.GetDefaultValue(System.Type)">
            <summary>
            获取该类型的默认值
            </summary>
            <param name="objType"></param>
            <returns></returns>
        </member>
        <member name="M:Buffalo.Kernel.Defaults.DefaultType.IsInherit(System.Type,System.Type)">
            <summary>
            判断是否该类型的子类
            </summary>
            <param name="type">当前类</param>
            <param name="baseType">基类</param>
            <returns></returns>
        </member>
        <member name="M:Buffalo.Kernel.Defaults.DefaultType.EqualType(System.Type,System.Type)">
            <summary>
            判断变量类型是否此类型
            </summary>
            <param name="value"></param>
            <param name="objType"></param>
            <returns></returns>
        </member>
        <member name="M:Buffalo.Kernel.Defaults.DefaultType.GetRealValueType(System.Type)">
            <summary>
            获取泛型类里边的类型
            </summary>
            <param name="dataType"></param>
            <returns></returns>
        </member>
        <member name="M:Buffalo.Kernel.Defaults.DefaultType.GetNullableRealType(System.Type)">
            <summary>
            获取类型或Nullable类里边的类型
            </summary>
            <param name="dataType"></param>
            <returns></returns>
        </member>
        <member name="M:Buffalo.Kernel.Defaults.DefaultType.GetGenericType(System.Type,System.Boolean)">
            <summary>
            获取泛型里边的类型
            </summary>
            <param name="type"></param>
            <param name="isherit"></param>
            <returns></returns>
        </member>
        <member name="M:Buffalo.Kernel.Defaults.DefaultType.IsImplement(System.Type,System.Type)">
            <summary>
            判断是否实现了该接口
            </summary>
            <param name="type">当前类</param>
            <param name="interfaceType">接口类型</param>
            <returns></returns>
        </member>
        <member name="M:Buffalo.Kernel.Defaults.DefaultType.ToDbType(System.Type)">
            <summary>
            把C#类型转换成SQL类型
            </summary>
            <param name="valueType"></param>
            <returns></returns>
        </member>
        <member name="F:Buffalo.Kernel.Defaults.DefaultValue.DefaultIntValue">
            <summary>
            整型默认值
            </summary>
        </member>
        <member name="F:Buffalo.Kernel.Defaults.DefaultValue.DefaultBooleanValue">
            <summary>
            布尔型默认值
            </summary>
        </member>
        <member name="F:Buffalo.Kernel.Defaults.DefaultValue.DefaultDoubleValue">
            <summary>
            双精度默认值
            </summary>
        </member>
        <member name="F:Buffalo.Kernel.Defaults.DefaultValue.DefaultFloatValue">
            <summary>
            浮点型默认值
            </summary>
        </member>
        <member name="F:Buffalo.Kernel.Defaults.DefaultValue.DefaultDateTimeValue">
            <summary>
            时间默认值
            </summary>
        </member>
        <member name="F:Buffalo.Kernel.Defaults.DefaultValue.DefaultDecimalValue">
            <summary>
            Decimal默认值
            </summary>
        </member>
        <member name="F:Buffalo.Kernel.Defaults.DefaultValue.DefaultByteValue">
            <summary>
            字节默认值
            </summary>
        </member>
        <member name="F:Buffalo.Kernel.Defaults.DefaultValue.DefaultSbyteValue">
            <summary>
            小字节默认值
            </summary>
        </member>
        <member name="F:Buffalo.Kernel.Defaults.DefaultValue.DefaultShortValue">
            <summary>
            短整型默认值
            </summary>
        </member>
        <member name="F:Buffalo.Kernel.Defaults.DefaultValue.DefaultLongValue">
            <summary>
            长整型默认值
            </summary>
        </member>
        <member name="F:Buffalo.Kernel.Defaults.DefaultValue.DefaultUintValue">
            <summary>
            无符号整型默认值
            </summary>
        </member>
        <member name="F:Buffalo.Kernel.Defaults.DefaultValue.DefaultUshortValue">
            <summary>
            无符号短整型默认值
            </summary>
        </member>
        <member name="F:Buffalo.Kernel.Defaults.DefaultValue.DefaultUlongValue">
            <summary>
            无符号长整型默认值
            </summary>
        </member>
        <member name="F:Buffalo.Kernel.Defaults.DefaultValue.DefaultGuidValue">
            <summary>
            Guid类型
            </summary>
        </member>
        <member name="F:Buffalo.Kernel.Defaults.DefaultValue.DefaultInt">
            <summary>
            整型默认值
            </summary>
        </member>
        <member name="F:Buffalo.Kernel.Defaults.DefaultValue.DefaultDouble">
            <summary>
            双精度默认值
            </summary>
        </member>
        <member name="F:Buffalo.Kernel.Defaults.DefaultValue.DefaultFloat">
            <summary>
            浮点型默认值
            </summary>
        </member>
        <member name="F:Buffalo.Kernel.Defaults.DefaultValue.DefaultDecimal">
            <summary>
            Decimal默认值
            </summary>
        </member>
        <member name="F:Buffalo.Kernel.Defaults.DefaultValue.DefaultSbyte">
            <summary>
            小字节默认值
            </summary>
        </member>
        <member name="F:Buffalo.Kernel.Defaults.DefaultValue.DefaultShort">
            <summary>
            短整型默认值
            </summary>
        </member>
        <member name="F:Buffalo.Kernel.Defaults.DefaultValue.DefaultLong">
            <summary>
            长整型默认值
            </summary>
        </member>
        <member name="F:Buffalo.Kernel.Defaults.DefaultValue.DefaultGuid">
            <summary>
            Guid默认值
            </summary>
        </member>
        <member name="F:Buffalo.Kernel.Defaults.DefaultValue.DefaultDateTime">
            <summary>
            时间默认值
            </summary>
        </member>
        <member name="M:Buffalo.Kernel.Defaults.DefaultValue.ValueToString(System.Object,System.String)">
            <summary>
            把值按照指定格式转换成字符串
            </summary>
            <param name="value">值</param>
            <param name="formatString">格式字符串</param>
            <returns></returns>
        </member>
        <member name="M:Buffalo.Kernel.Defaults.DefaultValue.Compare(System.Object,System.Object)">
            <summary>
            对两个object值进行比较(-1为val1&lt;val2,0为val1=val2,1为val1&gt;val2)
            </summary>
            <param name="val1">值1</param>
            <param name="val2">值2</param>
            <returns>-1为val1&lt;val2,0为val1=val2,1为val1&gt;val2</returns>
        </member>
        <member name="M:Buffalo.Kernel.Defaults.DefaultValue.DefaultForType(System.Type)">
            <summary>
            获取类型的默认值
            </summary>
            <param name="targetType"></param>
            <returns></returns>
        </member>
        <member name="P:Buffalo.Kernel.Defaults.TypeItem.ItemType">
            <summary>
            数值类型
            </summary>
        </member>
        <member name="P:Buffalo.Kernel.Defaults.TypeItem.DefaultValue">
            <summary>
            数据的默认值
            </summary>
        </member>
        <member name="M:Buffalo.Kernel.EnumInfo.FindCustomerAttribute``1">
            <summary>
            查找其他标签
            </summary>
            <typeparam name="T"></typeparam>
            <returns></returns>
        </member>
        <member name="P:Buffalo.Kernel.EnumInfo.Value">
            <summary>
            值
            </summary>
        </member>
        <member name="P:Buffalo.Kernel.EnumInfo.FieldName">
            <summary>
            常量名
            </summary>
        </member>
        <member name="P:Buffalo.Kernel.EnumInfo.Description">
            <summary>
            注释[Description("内容")]的内容
            </summary>
        </member>
        <member name="P:Buffalo.Kernel.EnumInfo.DisplayName">
            <summary>
            获取[DisplayName("显示名")]的内容
            </summary>
        </member>
        <member name="P:Buffalo.Kernel.EnumInfo.CustomerAttributes">
            <summary>
            其他标签
            </summary>
        </member>
        <member name="T:Buffalo.Kernel.EnumUnit">
            <summary>
            枚举工具类
            </summary>
        </member>
        <member name="M:Buffalo.Kernel.EnumUnit.AddValue(System.Int32,System.Int32)">
            <summary>
            在属性集合添加一个属性
            </summary>
            <param name="source">属性集合</param>
            <param name="value">要添加的属性值</param>
            <returns></returns>
        </member>
        <member name="M:Buffalo.Kernel.EnumUnit.DeleteValue(System.Int32,System.Int32)">
            <summary>
            在属性集合删除一个属性
            </summary>
            <param name="source">属性集合</param>
            <param name="value">要删除的属性值</param>
            <returns></returns>
        </member>
        <member name="M:Buffalo.Kernel.EnumUnit.ContainerValue(System.Int32,System.Int32)">
            <summary>
            判断集合里边是否含有该属性
            </summary>
            <param name="source">属性集合</param>
            <param name="value">要判断的属性值</param>
            <returns></returns>
        </member>
        <member name="M:Buffalo.Kernel.EnumUnit.GetContainerValues(System.Int32,System.Type)">
            <summary>
            获取包含值的信息
            </summary>
            <param name="value"></param>
            <returns></returns>
        </member>
        <member name="M:Buffalo.Kernel.EnumUnit.GetContainerValues(System.Enum)">
            <summary>
            获取包含值的信息
            </summary>
            <param name="value"></param>
            <returns></returns>
        </member>
        <member name="M:Buffalo.Kernel.EnumUnit.GetEnumInfos(System.Type)">
            <summary>
            获取本枚举里边所有属性的信息
            </summary>
            <param name="enumType">枚举类型</param>
            <returns></returns>
        </member>
        <member name="M:Buffalo.Kernel.EnumUnit.GetEnumDescription(System.Enum)">
            <summary>
            获取枚举值的注释
            </summary>
            <param name="objEnum"></param>
            <returns></returns>
        </member>
        <member name="M:Buffalo.Kernel.EnumUnit.GetEnumInfo(System.Enum)">
            <summary>
            获取枚举值的信息
            </summary>
            <param name="objEnum">枚举值</param>
            <returns></returns>
        </member>
        <member name="M:Buffalo.Kernel.EnumUnit.GetEnumInfoByName(System.Type,System.String)">
            <summary>
            根据枚举的属性名来获取其信息
            </summary>
            <param name="enumType">枚举类型</param>
            <param name="name">属性名称</param>
            <returns></returns>
        </member>
        <member name="T:Buffalo.Kernel.FastReflection.AssemblyTypeLoader">
            <summary>
            程序集的类型加载器
            </summary>
        </member>
        <member name="M:Buffalo.Kernel.FastReflection.AssemblyTypeLoader.#ctor(System.String[])">
            <summary>
            程序集的类型加载器
            </summary>
            <param name="assNames">指定的程序集</param>
        </member>
        <member name="M:Buffalo.Kernel.FastReflection.AssemblyTypeLoader.GetBaseRoot">
            <summary>
            基目录
            </summary>
            <returns></returns>
        </member>
        <member name="M:Buffalo.Kernel.FastReflection.AssemblyTypeLoader.LoadAllAssembly(System.String[])">
            <summary>
            获取本项目所有程序集
            </summary>
            <returns></returns>
        </member>
        <member name="M:Buffalo.Kernel.FastReflection.AssemblyTypeLoader.LoadType(System.String)">
            <summary>
            加载类型
            </summary>
            <param name="typeName">类型名</param>
            <returns></returns>
        </member>
        <member name="M:Buffalo.Kernel.FastReflection.AssemblyTypeLoader.LoadType(System.String,System.String)">
            <summary>
            加载类型
            </summary>
            <param name="typeName">类型名称</param>
            <param name="assemblyName">程序集名</param>
            <returns></returns>
        </member>
        <member name="M:Buffalo.Kernel.FastReflection.AssemblyTypeLoader.GetTypes">
            <summary>
            获取加载的程序集中所有的类型
            </summary>
            <returns></returns>
        </member>
        <member name="P:Buffalo.Kernel.FastReflection.AssemblyTypeLoader.Default">
            <summary>
            默认全部程序集的类型加载器
            </summary>
        </member>
        <member name="T:Buffalo.Kernel.FastReflection.ClassInfos.ClassPropertyEnumerator">
            <summary>
            属性的枚举类
            </summary>
        </member>
        <member name="T:Buffalo.Kernel.FastReflection.ClassInfos.ClassFieldInfoCollection">
            <summary>
            字段信息集合
            </summary>
        </member>
        <member name="M:Buffalo.Kernel.FastReflection.ClassInfos.ClassFieldInfoCollection.#ctor(System.Collections.Generic.Dictionary{System.String,Buffalo.Kernel.FastReflection.FieldInfoHandle})">
            <summary>
            属性信息集合
            </summary>
            <param name="FieldInfoHandles">字段信息的哈希表</param>
        </member>
        <member name="P:Buffalo.Kernel.FastReflection.ClassInfos.ClassFieldInfoCollection.Item(System.String)">
            <summary>
            根据字段名获取字段信息
            </summary>
            <param name="fieldName">字段名</param>
            <returns></returns>
        </member>
        <member name="P:Buffalo.Kernel.FastReflection.ClassInfos.ClassFieldInfoCollection.Count">
            <summary>
            当前属性的数量
            </summary>
        </member>
        <member name="T:Buffalo.Kernel.FastReflection.ClassInfos.ClassInfoHandle">
            <summary>
            类的信息
            </summary>
        </member>
        <member name="M:Buffalo.Kernel.FastReflection.ClassInfos.ClassInfoHandle.#ctor(System.Type,Buffalo.Kernel.FastReflection.CreateInstanceHandler,System.Collections.Generic.Dictionary{System.String,Buffalo.Kernel.FastReflection.PropertyInfoHandle},System.Collections.Generic.Dictionary{System.String,Buffalo.Kernel.FastReflection.FieldInfoHandle})">
            <summary>
            类的信息
            </summary>
            <param name="classType">类类型</param>
            <param name="createInstanceHandler">实例化类的句柄</param>
            <param name="propertyInfoHandles">属性集合</param>
            <param name="fieldInfoHandles">字段集合</param>
        </member>
        <member name="M:Buffalo.Kernel.FastReflection.ClassInfos.ClassInfoHandle.CreateInstance">
            <summary>
            返回此类型的实例
            </summary>
            <returns></returns>
        </member>
        <member name="P:Buffalo.Kernel.FastReflection.ClassInfos.ClassInfoHandle.ClassType">
            <summary>
            本类的类型
            </summary>
        </member>
        <member name="P:Buffalo.Kernel.FastReflection.ClassInfos.ClassInfoHandle.PropertyInfo">
            <summary>
            获取属性的信息
            </summary>
        </member>
        <member name="P:Buffalo.Kernel.FastReflection.ClassInfos.ClassInfoHandle.FieldInfo">
            <summary>
            获取字段的信息
            </summary>
        </member>
        <member name="T:Buffalo.Kernel.FastReflection.ClassInfos.ClassInfoManager">
            <summary>
            实体属性管理
            </summary>
        </member>
        <member name="M:Buffalo.Kernel.FastReflection.ClassInfos.ClassInfoManager.GetClassHandle(System.Type)">
            <summary>
            获取实体类里边得属性信息
            </summary>
            <param name="type">类型</param>
            <returns></returns>
        </member>
        <member name="M:Buffalo.Kernel.FastReflection.ClassInfos.ClassInfoManager.InitClassPropertyInfos(System.Type)">
            <summary>
            初始化类型的属性信息
            </summary>
            <param name="type">类型</param>
            <returns>如果已经初始化过侧返回false</returns>
        </member>
        <member name="M:Buffalo.Kernel.FastReflection.ClassInfos.ClassInfoManager.ObjectCopy(System.Object,System.Object)">
            <summary>
            对象属性拷贝(同名字段)
            </summary>
            <param name="source">源对象</param>
            <param name="target">目标对象</param>
            <returns></returns>
        </member>
        <member name="T:Buffalo.Kernel.FastReflection.ClassInfos.ClassFieldEnumerator">
            <summary>
            属性的枚举类
            </summary>
        </member>
        <member name="M:Buffalo.Kernel.FastReflection.ClassInfos.ClassPropertyInfoCollection.#ctor(System.Collections.Generic.Dictionary{System.String,Buffalo.Kernel.FastReflection.PropertyInfoHandle})">
            <summary>
            属性信息集合
            </summary>
            <param name="propertyInfoHandles">属性信息的哈希表</param>
        </member>
        <member name="P:Buffalo.Kernel.FastReflection.ClassInfos.ClassPropertyInfoCollection.Item(System.String)">
            <summary>
            根据属性名获取属性信息
            </summary>
            <param name="propertyName">属性名</param>
            <returns></returns>
        </member>
        <member name="P:Buffalo.Kernel.FastReflection.ClassInfos.ClassPropertyInfoCollection.Count">
            <summary>
            当前属性的数量
            </summary>
        </member>
        <member name="T:Buffalo.Kernel.FastReflection.ClassInfos.ProxyAssembly">
            <summary>
            远程程序集
            </summary>
        </member>
        <member name="M:Buffalo.Kernel.FastReflection.ClassInfos.ProxyAssembly.#ctor(System.String)">
            <summary>
            加载文件
            </summary>
            <param name="filePath"></param>
        </member>
        <member name="M:Buffalo.Kernel.FastReflection.ClassInfos.ProxyAssembly.#ctor(System.Byte[])">
            <summary>
            加载文件内容
            </summary>
            <param name="fileContent"></param>
        </member>
        <member name="M:Buffalo.Kernel.FastReflection.ClassInfos.ProxyAssembly.GetObjectInstance(System.String,System.Object[])">
            <summary>
            获取类型的实体
            </summary>
            <param name="typeName">类型名</param>
            <param name="args">构造函数参数</param>
            <returns></returns>
        </member>
        <member name="P:Buffalo.Kernel.FastReflection.ClassInfos.ProxyAssembly.Assembly">
            <summary>
            关联的程序集信息
            </summary>
        </member>
        <member name="M:Buffalo.Kernel.FastReflection.ClassInfos.ProxyObject.#ctor(System.String,System.String,System.String,System.Object[])">
            <summary>
            加载类型
            </summary>
            <param name="filePath">文件名</param>
            <param name="TypeName">类名</param>
        </member>
        <member name="M:Buffalo.Kernel.FastReflection.ClassInfos.ProxyObject.#ctor(System.String,System.String,System.Object[])">
            <summary>
            加载类型
            </summary>
            <param name="filePath">文件名</param>
            <param name="TypeName">类名</param>
        </member>
        <member name="M:Buffalo.Kernel.FastReflection.ClassInfos.ProxyObject.#ctor(System.Byte[],System.String,System.String,System.Object[])">
            <summary>
            加载类型
            </summary>
            <param name="dllContent">文件内容</param>
            <param name="TypeName">类名</param>
        </member>
        <member name="M:Buffalo.Kernel.FastReflection.ClassInfos.ProxyObject.#ctor(System.Byte[],System.String,System.Object[])">
            <summary>
            加载类型
            </summary>
            <param name="dllContent">文件内容</param>
            <param name="TypeName">类名</param>
        </member>
        <member name="M:Buffalo.Kernel.FastReflection.ClassInfos.ProxyObject.#ctor(System.Reflection.Assembly,System.String,System.Object[])">
            <summary>
            加载类型
            </summary>
            <param name="assembly">程序集</param>
            <param name="TypeName">类名</param>
        </member>
        <member name="M:Buffalo.Kernel.FastReflection.ClassInfos.ProxyObject.#ctor(System.Type,System.Object[])">
            <summary>
            加载类型
            </summary>
            <param name="tp">类型</param>
        </member>
        <member name="M:Buffalo.Kernel.FastReflection.ClassInfos.ProxyObject.Init(System.Type,System.Object[])">
            <summary>
            初始化
            </summary>
            <param name="assembly">程序集</param>
            <param name="TypeName">类型名</param>
        </member>
        <member name="M:Buffalo.Kernel.FastReflection.ClassInfos.ProxyObject.Invoke(System.String,System.Object[])">
            <summary>
            运行该函数
            </summary>
            <param name="methodName">函数名</param>
            <param name="args">参数</param>
            <returns></returns>
        </member>
        <member name="M:Buffalo.Kernel.FastReflection.ClassInfos.ProxyObject.GetParamTypes(System.Object[])">
            <summary>
            获取参数的类型
            </summary>
            <param name="args">参数类型</param>
            <returns></returns>
        </member>
        <member name="P:Buffalo.Kernel.FastReflection.ClassInfos.ProxyObject.Item(System.String)">
            <summary>
            设置或获取属性
            </summary>
            <param name="propertyName">属性名</param>
            <returns></returns>
        </member>
        <member name="P:Buffalo.Kernel.FastReflection.ClassInfos.ProxyObject.ClassHandle">
            <summary>
            类型信息
            </summary>
        </member>
        <member name="T:Buffalo.Kernel.FastReflection.SetFieldValueHandle">
            <summary>
            快速设置字段值的委托
            </summary>
            <param name="obj">对象</param>
            <param name="value">值</param>
        </member>
        <member name="T:Buffalo.Kernel.FastReflection.GetFieldValueHandle">
            <summary>
            快速获取字段值的委托
            </summary>
            <param name="obj">对象</param>
            <returns></returns>
        </member>
        <member name="M:Buffalo.Kernel.FastReflection.FastFieldGetSet.FindGetValueHandle(System.Reflection.FieldInfo)">
            <summary>
            获取字段获取值的委托(带缓存)
            </summary>
            <param name="info">字段信息</param>
            <returns></returns>
        </member>
        <member name="M:Buffalo.Kernel.FastReflection.FastFieldGetSet.FindSetValueHandle(System.Reflection.FieldInfo)">
            <summary>
            获取字段设置值的委托(带缓存)
            </summary>
            <param name="info">字段信息</param>
            <returns></returns>
        </member>
        <member name="M:Buffalo.Kernel.FastReflection.FastFieldGetSet.GetGetValueHandle(System.Reflection.FieldInfo)">
            <summary>
            获取字段获取值的委托
            </summary>
            <param name="info">字段信息</param>
            <returns></returns>
        </member>
        <member name="M:Buffalo.Kernel.FastReflection.FastFieldGetSet.GetGetValueHandle(System.Type,System.String)">
            <summary>
            获取字段获取值的委托
            </summary>
            <param name="objType">对象类型</param>
            <param name="fieldName">字段名</param>
            <returns></returns>
        </member>
        <member name="M:Buffalo.Kernel.FastReflection.FastFieldGetSet.GetSetValueHandle(System.Reflection.FieldInfo)">
            <summary>
            获取字段设置值的委托
            </summary>
            <param name="info">字段信息</param>
            <returns></returns>
        </member>
        <member name="M:Buffalo.Kernel.FastReflection.FastFieldGetSet.GetSetValueHandle(System.Type,System.String)">
            <summary>
            获取字段设置值的委托
            </summary>
            <param name="objType">对象类型</param>
            <param name="fieldName">字段名</param>
            <returns></returns>
        </member>
        <member name="T:Buffalo.Kernel.FastReflection.CreateInstanceHandler">
            @原作者:JeffreyZhao
            @创建时间:2009-02-01
            @链接:http://www.cnblogs.com/JeffreyZhao/archive/2009/02/01/Fast-Reflection-Library.html
            @说明:.NET IL快速反射类
        </member>
        <member name="F:Buffalo.Kernel.FastReflection.FastInvoke.VoidType">
            <summary>
            委托获取实体类对象
            </summary>
            <returns></returns>
        </member>
        <member name="M:Buffalo.Kernel.FastReflection.FastInvoke.GetInstanceCreator(System.Type)">
            <summary>
            生成实体类
            </summary>
            <param name="type"></param>
            <returns></returns>
        </member>
        <member name="M:Buffalo.Kernel.FastReflection.FastInvoke.GetPropertyAttribute(System.Reflection.FieldInfo,System.Type)">
            <summary>
            获取某个属性的标识
            </summary>
            <param name="finf">属性的信息</param>
            <param name="attributeType">属性类型</param>
            <returns></returns>
        </member>
        <member name="M:Buffalo.Kernel.FastReflection.FastInvoke.GetPropertyAttribute(System.Reflection.PropertyInfo,System.Type)">
            <summary>
            获取某个属性的标识
            </summary>
            <param name="pinf">属性的信息</param>
            <param name="attributeType">属性类型</param>
            <returns></returns>
        </member>
        <member name="M:Buffalo.Kernel.FastReflection.FastInvoke.GetPropertyAttribute``1(System.Reflection.PropertyInfo)">
            <summary>
            获取某个属性的标识
            </summary>
            <param name="pinf">属性的信息</param>
            <param name="attributeType">属性类型</param>
            <returns></returns>
        </member>
        <member name="M:Buffalo.Kernel.FastReflection.FastInvoke.GetClassAttribute(System.Type,System.Type)">
            <summary>
            获取指定类的标识
            </summary>
            <param name="classType">指定类的类型</param>
            <param name="attributeType">标识类型</param>
            <returns></returns>
        </member>
        <member name="M:Buffalo.Kernel.FastReflection.FastInvoke.GetClassAttribute``1(System.Type)">
            <summary>
            获取指定类的标识
            </summary>
            <param name="classType">指定类的类型</param>
            <returns></returns>
        </member>
        <member name="M:Buffalo.Kernel.FastReflection.FastPropertyInvoke.GetMethodInvoker(System.Reflection.MethodInfo)">
            <summary>
            生成调用方法
            </summary>
            <param name="methodInfo"></param>
            <returns></returns>
        </member>
        <member name="M:Buffalo.Kernel.FastReflection.FastValueGetSet.GetPropertyInfoHandle(System.String,System.Type)">
            <summary>
            获取属性的信息
            </summary>
            <param name="proName">属性名</param>
            <param name="type">类型</param>
            <returns></returns>
        </member>
        <member name="M:Buffalo.Kernel.FastReflection.FastValueGetSet.GetPropertyInfoHandleWithOutCache(System.String,System.Type)">
            <summary>
            获取属性的信息(不使用缓存)
            </summary>
            <param name="proName">属性名</param>
            <param name="type">类型</param>
            <returns></returns>
        </member>
        <member name="M:Buffalo.Kernel.FastReflection.FastValueGetSet.GetGetMethodInfo(System.String,System.Type)">
            <summary>
            获取获取值的方法接口
            </summary>
            <param name="proName">属性名</param>
            <param name="type">类型</param>
            <returns></returns>
        </member>
        <member name="M:Buffalo.Kernel.FastReflection.FastValueGetSet.GetSetMethodInfo(System.String,System.Type)">
            <summary>
            获取设置值的方法接口
            </summary>
            <param name="proName">属性名</param>
            <param name="type">类型</param>
            <returns></returns>
        </member>
        <member name="M:Buffalo.Kernel.FastReflection.FastValueGetSet.GetMethodInfoKey(System.Reflection.MemberInfo)">
            <summary>
            获取函数的键
            </summary>
            <param name="methodInfo">函数反射</param>
            <param name="objectType">类型</param>
            <returns></returns>
        </member>
        <member name="M:Buffalo.Kernel.FastReflection.FastValueGetSet.GetCustomerMethodInfo(System.Type,System.String,System.Type[])">
            <summary>
            获取该类型的指定方法的委托
            </summary>
            <param name="objectType">所属类的类型</param>
            <param name="methodName">方法名</param>
            <param name="parametersType">参数列表</param>
            <returns></returns>
        </member>
        <member name="M:Buffalo.Kernel.FastReflection.FastValueGetSet.GetCustomerMethodInfo(System.Reflection.MethodInfo)">
            <summary>
            获取该类型的指定方法的委托
            </summary>
            <param name="methodInfo">函数信息</param>
            <param name="parametersType">参数列表</param>
            <returns></returns>
        </member>
        <member name="M:Buffalo.Kernel.FastReflection.FastValueGetSet.SetValue(System.Object,System.Object,System.String,System.Type)">
            <summary>
            对对象赋值
            </summary>
            <param name="args">对象</param>
            <param name="value">值</param>
            <param name="propertyName">属性名</param>
            <param name="objType">对象类型</param>
        </member>
        <member name="M:Buffalo.Kernel.FastReflection.FastValueGetSet.GetValue(System.Object,System.String,System.Type)">
            <summary>
            获取对象赋值
            </summary>
            <param name="args">对象</param>
            <param name="value">值</param>
            <param name="propertyName">属性名</param>
            <param name="objType">对象类型</param>
        </member>
        <member name="M:Buffalo.Kernel.FastReflection.FastValueGetSet.CreateObject(System.Type)">
            <summary>
            生成实体类
            </summary>
            <param name="type"></param>
            <returns></returns>
        </member>
        <member name="M:Buffalo.Kernel.FastReflection.FastValueGetSet.GetCreateInstanceHandler(System.Type)">
            <summary>
            根据类型查找指定的创建对象的代理
            </summary>
            <param name="type">类型</param> 
            <returns></returns> 
        </member>
        <member name="M:Buffalo.Kernel.FastReflection.FastValueGetSet.GetCreateInstanceHandlerWithOutCache(System.Type)">
            <summary>
            根据类型查找指定的创建对象的代理
            </summary>
            <param name="type">类型</param> 
            <returns></returns> 
        </member>
        <member name="M:Buffalo.Kernel.FastReflection.FieldInfoHandle.#ctor(System.Type,Buffalo.Kernel.FastReflection.GetFieldValueHandle,Buffalo.Kernel.FastReflection.SetFieldValueHandle,System.Type,System.String,System.Reflection.FieldInfo)">
            <summary>
            创建属性的信息类
            </summary>
            <param name="belong">字段所属的类类型</param>
            <param name="getHandle">get委托</param>
            <param name="setHandle">set委托</param>
            <param name="fieldType">字段数据类型</param>
            <param name="fieldName">字段名</param>
            <param name="belongFieldInfo">所属的字段反射信息</param>
        </member>
        <member name="M:Buffalo.Kernel.FastReflection.FieldInfoHandle.TypeEqual(System.Data.IDataReader,System.Int32)">
            <summary>
            判断类型是否跟本属性一致
            </summary>
            <param name="reader">读取器</param>
            <param name="index">索引</param>
            <returns></returns>
        </member>
        <member name="M:Buffalo.Kernel.FastReflection.FieldInfoHandle.LoadRealFieldType">
            <summary>
            加载真正的数据类型
            </summary>
        </member>
        <member name="M:Buffalo.Kernel.FastReflection.FieldInfoHandle.SetValue(System.Object,System.Object)">
            <summary>
            给对象设置值
            </summary>
            <param name="args">对象</param>
            <param name="value">值</param>
        </member>
        <member name="M:Buffalo.Kernel.FastReflection.FieldInfoHandle.GetValue(System.Object)">
            <summary>
            获取对象值
            </summary>
            <param name="args">对象</param>
            <param name="value">值</param>
        </member>
        <member name="M:Buffalo.Kernel.FastReflection.FieldInfoHandle.GetFieldInfos(System.Type,System.Reflection.BindingFlags,System.Boolean)">
            <summary>
            获取字段集合
            </summary>
            <param name="objType">类型</param>
            <param name="inner">是否</param>
            <returns></returns>
        </member>
        <member name="M:Buffalo.Kernel.FastReflection.FieldInfoHandle.FillFieldInfos(System.Type,System.Reflection.BindingFlags,System.Collections.Generic.List{Buffalo.Kernel.FastReflection.FieldInfoHandle},System.Collections.Generic.Dictionary{System.String,System.Boolean})">
            <summary>
            填充值
            </summary>
            <param name="objType"></param>
            <param name="flags"></param>
            <param name="fillBase"></param>
        </member>
        <member name="P:Buffalo.Kernel.FastReflection.FieldInfoHandle.BelongFieldInfo">
            <summary>
            所属的字段反射信息
            </summary>
        </member>
        <member name="P:Buffalo.Kernel.FastReflection.FieldInfoHandle.Belong">
            <summary>
            字段所属的类
            </summary>
        </member>
        <member name="P:Buffalo.Kernel.FastReflection.FieldInfoHandle.RealFieldType">
            <summary>
            真正的数值类型
            </summary>
        </member>
        <member name="P:Buffalo.Kernel.FastReflection.FieldInfoHandle.SetHandle">
            <summary>
            Set句柄
            </summary>
        </member>
        <member name="P:Buffalo.Kernel.FastReflection.FieldInfoHandle.GetHandle">
            <summary>
            Get句柄
            </summary>
        </member>
        <member name="P:Buffalo.Kernel.FastReflection.FieldInfoHandle.FieldType">
            <summary>
            获取属性的类型
            </summary>
        </member>
        <member name="P:Buffalo.Kernel.FastReflection.FieldInfoHandle.FieldName">
            <summary>
            获取属性的名字
            </summary>
        </member>
        <member name="P:Buffalo.Kernel.FastReflection.FieldInfoHandle.HasGetHandle">
            <summary>
            是否有Get方法
            </summary>
        </member>
        <member name="P:Buffalo.Kernel.FastReflection.FieldInfoHandle.HasSetHandle">
            <summary>
            是否有Set方法
            </summary>
        </member>
        <member name="T:Buffalo.Kernel.FastReflection.PropertyInfoHandle">
            <summary>
            创建属性的信息类
            </summary>
        </member>
        <member name="M:Buffalo.Kernel.FastReflection.PropertyInfoHandle.#ctor(System.Type,Buffalo.Kernel.FastReflection.FastPropertyHandler,Buffalo.Kernel.FastReflection.FastPropertyHandler,System.Type,System.String)">
            <summary>
            创建属性的信息类
            </summary>
            <param name="getHandle">get委托</param>
            <param name="setHandle">set委托</param>
            <param name="propertyType">属性数据类型</param>
        </member>
        <member name="M:Buffalo.Kernel.FastReflection.PropertyInfoHandle.SetValue(System.Object,System.Object)">
            <summary>
            给对象设置值
            </summary>
            <param name="args">对象</param>
            <param name="value">值</param>
        </member>
        <member name="M:Buffalo.Kernel.FastReflection.PropertyInfoHandle.GetValue(System.Object)">
            <summary>
            获取对象值
            </summary>
            <param name="args">对象</param>
        </member>
        <member name="P:Buffalo.Kernel.FastReflection.PropertyInfoHandle.Belong">
            <summary>
            属性所属的类
            </summary>
        </member>
        <member name="P:Buffalo.Kernel.FastReflection.PropertyInfoHandle.PropertyType">
            <summary>
            获取属性的类型
            </summary>
        </member>
        <member name="P:Buffalo.Kernel.FastReflection.PropertyInfoHandle.PropertyName">
            <summary>
            获取属性的名字
            </summary>
        </member>
        <member name="P:Buffalo.Kernel.FastReflection.PropertyInfoHandle.HasGetHandle">
            <summary>
            是否有Get方法
            </summary>
        </member>
        <member name="P:Buffalo.Kernel.FastReflection.PropertyInfoHandle.HasSetHandle">
            <summary>
            是否有Set方法
            </summary>
        </member>
        <member name="T:Buffalo.Kernel.Lock">
            <summary>
            会自动释放的锁，可设置等待超时
            </summary>
        </member>
        <member name="F:Buffalo.Kernel.Lock.defaultMillisecondsTimeout">
            <summary>
            默认超时设置
            </summary>
        </member>
        <member name="M:Buffalo.Kernel.Lock.#ctor(System.Object)">
            <summary>
            构造 
            </summary>
            <param name="obj">想要锁住的对象</param>
        </member>
        <member name="M:Buffalo.Kernel.Lock.#ctor(System.Object,System.Int32)">
            <summary>
            构造
            </summary>
            <param name="obj">想要锁住的对象</param>
            <param name="millisecondsTimeout">超时设置</param>
        </member>
        <member name="M:Buffalo.Kernel.Lock.#ctor(System.Object,System.Int32,System.Boolean)">
            <summary>
            构造
            </summary>
            <param name="obj">想要锁住的对象</param>
            <param name="millisecondsTimeout">超时设置</param>
            <param name="throwTimeoutException">是否抛出超时异常</param>
        </member>
        <member name="M:Buffalo.Kernel.Lock.Dispose">
            <summary>
            销毁，并释放锁
            </summary>
        </member>
        <member name="P:Buffalo.Kernel.Lock.IsTimeout">
            <summary>
            获取在获取锁时是否发生等待超时
            </summary>
        </member>
        <member name="T:Buffalo.Kernel.MassBase`1">
            <summary>
            常量类的基类
            </summary>
        </member>
        <member name="M:Buffalo.Kernel.MassBase`1.GetInfos">
            <summary>
            获取本常量类里边所有属性的信息
            </summary>
            <param name="enumType">枚举类型</param>
            <returns></returns>
        </member>
        <member name="M:Buffalo.Kernel.MassBase`1.GetDescription(System.Object)">
            <summary>
            获取常量值值的注释
            </summary>
            <param name="objEnum"></param>
            <returns></returns>
        </member>
        <member name="M:Buffalo.Kernel.MassBase`1.GetInfo(System.Object)">
            <summary>
            获取常量值对应的信息
            </summary>
            <param name="value">常量值</param>
            <returns></returns>
        </member>
        <member name="M:Buffalo.Kernel.MassBase`1.GetInfoByName(System.String)">
            <summary>
            根据常量类的字段名来获取其信息
            </summary>
            <param name="name">字段名</param>
            <returns></returns>
        </member>
        <member name="T:Buffalo.Kernel.MassInfo">
            <summary>
            常量类信息
            </summary>
        </member>
        <member name="P:Buffalo.Kernel.MassInfo.LstInfo">
            <summary>
            常量信息集合
            </summary>
        </member>
        <member name="P:Buffalo.Kernel.MassInfo.DicInfos">
            <summary>
            常量字典信息集合
            </summary>
        </member>
        <member name="T:Buffalo.Kernel.MassManager">
            <summary>
            常量管理器
            </summary>
        </member>
        <member name="M:Buffalo.Kernel.MassManager.GetMassInfos(System.Type)">
            <summary>
            根据类型获取常量集合
            </summary>
            <param name="objType"></param>
            <returns></returns>
        </member>
        <member name="M:Buffalo.Kernel.MassManager.GetInfos(System.Type)">
            <summary>
            根据类型获取常量集合
            </summary>
            <param name="objType"></param>
            <returns></returns>
        </member>
        <member name="M:Buffalo.Kernel.MassManager.GetInfoByName(System.Type,System.String)">
            <summary>
            通过字段名获取其常量信息
            </summary>
            <param name="objType"></param>
            <param name="fieldName"></param>
            <returns></returns>
        </member>
        <member name="M:Buffalo.Kernel.MassManager.GetInfoByValue(System.Type,System.Object)">
            <summary>
            通过值获取其常量信息
            </summary>
            <param name="objType"></param>
            <param name="value"></param>
            <returns></returns>
        </member>
        <member name="M:Buffalo.Kernel.MassManager.GetInfos(System.Type,System.Collections.Generic.List{Buffalo.Kernel.EnumInfo},System.Collections.Generic.Dictionary{System.String,Buffalo.Kernel.EnumInfo})">
            <summary>
            获取此类的常量信息
            </summary>
            <param name="objType"></param>
            <returns></returns>
        </member>
        <member name="M:Buffalo.Kernel.PasswordHash.ToMD5String(System.String)">
            <summary>
            对字符串进行MD5加密
            </summary>
            <param name="str">要加密的字符串</param>
            <returns></returns>
        </member>
        <member name="M:Buffalo.Kernel.PasswordHash.ToMD5String(System.Byte[])">
            <summary>
            对字符串进行MD5加密
            </summary>
            <param name="str">要加密的字符串</param>
            <returns></returns>
        </member>
        <member name="M:Buffalo.Kernel.PasswordHash.ToMD5String(System.IO.Stream)">
            <summary>
            对字符串进行MD5加密
            </summary>
            <param name="stm">要加密的流</param>
            <returns></returns>
        </member>
        <member name="M:Buffalo.Kernel.PasswordHash.ToSHA1String(System.String)">
            <summary>
            对字符串进行MD5加密
            </summary>
            <param name="str">要加密的字符串</param>
            <returns></returns>
        </member>
        <member name="M:Buffalo.Kernel.PasswordHash.ToSHA1String(System.Byte[])">
            <summary>
            对字符串进行MD5加密
            </summary>
            <param name="str">要加密的字符串</param>
            <returns></returns>
        </member>
        <member name="M:Buffalo.Kernel.PasswordHash.ToSHA1String(System.IO.Stream)">
            <summary>
            对字符串进行MD5加密
            </summary>
            <param name="str">要加密的流</param>
            <returns></returns>
        </member>
        <member name="M:Buffalo.Kernel.PasswordHash.AESDecrypt(System.Byte[],System.Byte[])">
            <summary>
            AES解密
            </summary>
            <param name="toDecrypt">要解密的数据</param>
            <param name="pwd">解密密码(32字节数组)</param>
            <returns></returns>
        </member>
        <member name="M:Buffalo.Kernel.PasswordHash.AESEncrypt(System.Byte[],System.Byte[])">
            <summary>
            AES加密
            </summary>
            <param name="toEncrypt">要加密的数据</param>
            <param name="pwd">密码(32字节数组)</param>
            <returns></returns>
        </member>
        <member name="M:Buffalo.Kernel.Picture.ScopeSize(System.Int32,System.Int32,System.Drawing.Size)">
            <summary>
            规范尺寸
            </summary>
            <param name="maxWidth">最大宽度</param>
            <param name="maxHeight">最大高度</param>
            <param name="size">待规范的尺寸</param>
        </member>
        <member name="M:Buffalo.Kernel.Picture.ReSizePictureInScope(System.Drawing.Image,System.Int32,System.Int32)">
            <summary>
            把图片转换大小(大小不能超过指定值)
            </summary>
            <param name="img"></param>
            <param name="maxWidth"></param>
            <param name="maxHeight"></param>
            <returns></returns>
        </member>
        <member name="M:Buffalo.Kernel.Picture.PictureToBytes(System.IO.Stream,System.Int32,System.Int32,System.Drawing.Imaging.ImageFormat)">
            <summary>
            把图片流转成字节
            </summary>
            <param name="fileStm">图片流</param>
            <param name="width">转换后的宽度</param>
            <param name="height">转换后的高度</param>
            <returns></returns>
        </member>
        <member name="M:Buffalo.Kernel.Picture.PictureToBytes(System.Drawing.Image)">
            <summary>
            把图片转换成字节
            </summary>
            <param name="img">图片</param>
            <returns></returns>
        </member>
        <member name="M:Buffalo.Kernel.Picture.GetEncoder(System.Drawing.Imaging.ImageFormat)">
            <summary>
            获取特定的图像编解码信息
            </summary>
            <param name="format"></param>
            <returns></returns>
        </member>
        <member name="M:Buffalo.Kernel.Picture.PictureToBytes(System.Drawing.Image,System.Drawing.Imaging.ImageFormat)">
            <summary>
            把图片转换成字节
            </summary>
            <param name="img">图片</param>
            <returns></returns>
        </member>
        <member name="M:Buffalo.Kernel.Picture.PictureToBytes(System.Drawing.Image,System.Drawing.Imaging.ImageCodecInfo,System.Int64)">
            <summary>
            图片转换为字节
            </summary>
            <param name="img">图片</param>
            <param name="codeInfo">编码</param>
            <param name="qty">质量</param>
            <returns></returns>
        </member>
        <member name="M:Buffalo.Kernel.Picture.WhitePictureToStream(System.IO.Stream,System.Drawing.Image,System.Drawing.Imaging.ImageCodecInfo,System.Int64)">
            <summary>
            把图片写入流
            </summary>
            <param name="img"></param>
            <param name="codeInfo"></param>
            <param name="qty"></param>
        </member>
        <member name="M:Buffalo.Kernel.Picture.BytesToPicture(System.Byte[])">
            <summary>
            把字节转换为图片
            </summary>
            <param name="byteImage">图片字节</param>
            <returns></returns>
        </member>
        <member name="M:Buffalo.Kernel.Picture.ReSizePicturee(System.Drawing.Image,System.Int32,System.Int32)">
            <summary>
            变换图片大小
            </summary>
            <param name="img">源图片</param>
            <param name="width">变换后的宽</param>
            <param name="height">变换后的高</param>
            <returns></returns>
        </member>
        <member name="M:Buffalo.Kernel.Picture.ReadFile(System.String)">
            <summary>
            读取文件
            </summary>
            <param name="root">文件路径</param>
            <returns></returns>
        </member>
        <member name="M:Buffalo.Kernel.Picture.ChangeSize(System.Drawing.Image,System.Drawing.Size)">
            <summary>
            改变图片尺寸
            </summary>
            <param name="originalImage">源图片</param>
            <param name="picSize">尺寸</param>
            <returns></returns>
        </member>
        <member name="M:Buffalo.Kernel.Picture.GetEncoderInfo(System.String)">
            <summary>
            获取编码信息
            </summary>
            <param name="mimeType">类型</param>
            <returns></returns>
        </member>
        <member name="M:Buffalo.Kernel.Picture.SaveImage(System.IO.Stream,System.String)">
            <summary>
            原样保存图片，不做任何格式修改
            </summary>
            <param name="stmImg">图片流</param>
            <param name="root">保存路径</param>
        </member>
        <member name="M:Buffalo.Kernel.Commons.PropertyType.GetForLen(System.Byte[])">
            <summary>
            获取循环的长度
            </summary>
            <param name="arr"></param>
            <returns></returns>
        </member>
        <member name="M:Buffalo.Kernel.Commons.PropertyType.DoAnd(System.Byte[])">
            <summary>
            进行and运算
            </summary>
            <param name="val"></param>
        </member>
        <member name="M:Buffalo.Kernel.Commons.PropertyType.DoOr(System.Byte[])">
            <summary>
            进行Or运算
            </summary>
            <param name="val"></param>
        </member>
        <member name="M:Buffalo.Kernel.Commons.PropertyType.DoXor(System.Byte[])">
            <summary>
            进行Or运算
            </summary>
            <param name="val"></param>
        </member>
        <member name="M:Buffalo.Kernel.Commons.PropertyType.AddProperty(System.Byte[])">
            <summary>
            添加一个属性
            </summary>
            <param name="value"></param>
        </member>
        <member name="M:Buffalo.Kernel.Commons.PropertyType.AddProperty(System.UInt32)">
            <summary>
            添加一个属性
            </summary>
            <param name="value"></param>
        </member>
        <member name="M:Buffalo.Kernel.Commons.PropertyType.AddProperty(System.Int32)">
            <summary>
            添加一个属性
            </summary>
            <param name="value"></param>
        </member>
        <member name="M:Buffalo.Kernel.Commons.PropertyType.AddProperty(System.Double)">
            <summary>
            添加一个属性
            </summary>
            <param name="value"></param>
        </member>
        <member name="M:Buffalo.Kernel.Commons.PropertyType.AddProperty(System.Single)">
            <summary>
            添加一个属性
            </summary>
            <param name="value"></param>
        </member>
        <member name="M:Buffalo.Kernel.Commons.PropertyType.AddProperty(System.Int64)">
            <summary>
            添加一个属性
            </summary>
            <param name="value"></param>
        </member>
        <member name="M:Buffalo.Kernel.Commons.PropertyType.AddProperty(System.Int16)">
            <summary>
            添加一个属性
            </summary>
            <param name="value"></param>
        </member>
        <member name="M:Buffalo.Kernel.Commons.PropertyType.AddProperty(System.UInt64)">
            <summary>
            添加一个属性
            </summary>
            <param name="value"></param>
        </member>
        <member name="M:Buffalo.Kernel.Commons.PropertyType.AddProperty(System.UInt16)">
            <summary>
            添加一个属性
            </summary>
            <param name="value"></param>
        </member>
        <member name="M:Buffalo.Kernel.Commons.PropertyType.AddProperty(System.Char)">
            <summary>
            添加一个属性
            </summary>
            <param name="value"></param>
        </member>
        <member name="M:Buffalo.Kernel.Commons.PropertyType.AddProperty(System.Enum)">
            <summary>
            添加一个属性
            </summary>
            <param name="value"></param>
        </member>
        <member name="M:Buffalo.Kernel.Commons.PropertyType.DeleteProperty(System.Byte[])">
            <summary>
            删除一个属性
            </summary>
            <param name="value"></param>
        </member>
        <member name="M:Buffalo.Kernel.Commons.PropertyType.DeleteProperty(System.Int32)">
            <summary>
            删除一个属性
            </summary>
            <param name="value"></param>
        </member>
        <member name="M:Buffalo.Kernel.Commons.PropertyType.DeleteProperty(System.UInt32)">
            <summary>
            删除一个属性
            </summary>
            <param name="value"></param>
        </member>
        <member name="M:Buffalo.Kernel.Commons.PropertyType.DeleteProperty(System.Char)">
            <summary>
            删除一个属性
            </summary>
            <param name="value"></param>
        </member>
        <member name="M:Buffalo.Kernel.Commons.PropertyType.DeleteProperty(System.Double)">
            <summary>
            删除一个属性
            </summary>
            <param name="value"></param>
        </member>
        <member name="M:Buffalo.Kernel.Commons.PropertyType.DeleteProperty(System.Single)">
            <summary>
            删除一个属性
            </summary>
            <param name="value"></param>
        </member>
        <member name="M:Buffalo.Kernel.Commons.PropertyType.DeleteProperty(System.Int64)">
            <summary>
            删除一个属性
            </summary>
            <param name="value"></param>
        </member>
        <member name="M:Buffalo.Kernel.Commons.PropertyType.DeleteProperty(System.Int16)">
            <summary>
            删除一个属性
            </summary>
            <param name="value"></param>
        </member>
        <member name="M:Buffalo.Kernel.Commons.PropertyType.DeleteProperty(System.UInt64)">
            <summary>
            删除一个属性
            </summary>
            <param name="value"></param>
        </member>
        <member name="M:Buffalo.Kernel.Commons.PropertyType.DeleteProperty(System.UInt16)">
            <summary>
            删除一个属性
            </summary>
            <param name="value"></param>
        </member>
        <member name="M:Buffalo.Kernel.Commons.PropertyType.DeleteProperty(System.Enum)">
            <summary>
            删除一个属性
            </summary>
            <param name="value"></param>
        </member>
        <member name="M:Buffalo.Kernel.Commons.PropertyType.Contains(System.Byte[])">
            <summary>
            返回一个布尔型，指示是否含有指定值
            </summary>
            <param name="value"></param>
        </member>
        <member name="M:Buffalo.Kernel.Commons.PropertyType.Contains(System.Double)">
            <summary>
            返回一个布尔型，指示是否含有指定值
            </summary>
            <param name="value"></param>
        </member>
        <member name="M:Buffalo.Kernel.Commons.PropertyType.Contains(System.Char)">
            <summary>
            返回一个布尔型，指示是否含有指定值
            </summary>
            <param name="value"></param>
        </member>
        <member name="M:Buffalo.Kernel.Commons.PropertyType.Contains(System.Single)">
            <summary>
            返回一个布尔型，指示是否含有指定值
            </summary>
            <param name="value"></param>
        </member>
        <member name="M:Buffalo.Kernel.Commons.PropertyType.Contains(System.Int32)">
            <summary>
            返回一个布尔型，指示是否含有指定值
            </summary>
            <param name="value"></param>
        </member>
        <member name="M:Buffalo.Kernel.Commons.PropertyType.Contains(System.Int64)">
            <summary>
            返回一个布尔型，指示是否含有指定值
            </summary>
            <param name="value"></param>
        </member>
        <member name="M:Buffalo.Kernel.Commons.PropertyType.Contains(System.Int16)">
            <summary>
            返回一个布尔型，指示是否含有指定值
            </summary>
            <param name="value"></param>
        </member>
        <member name="M:Buffalo.Kernel.Commons.PropertyType.Contains(System.UInt32)">
            <summary>
            返回一个布尔型，指示是否含有指定值
            </summary>
            <param name="value"></param>
        </member>
        <member name="M:Buffalo.Kernel.Commons.PropertyType.Contains(System.UInt64)">
            <summary>
            返回一个布尔型，指示是否含有指定值
            </summary>
            <param name="value"></param>
        </member>
        <member name="M:Buffalo.Kernel.Commons.PropertyType.Contains(System.UInt16)">
            <summary>
            返回一个布尔型，指示是否含有指定值
            </summary>
            <param name="value"></param>
        </member>
        <member name="M:Buffalo.Kernel.Commons.PropertyType.Contains(System.Enum)">
            <summary>
            返回一个布尔型，指示是否含有指定值
            </summary>
            <param name="value"></param>
        </member>
        <member name="P:Buffalo.Kernel.Commons.PropertyType.IntValue">
            <summary>
            整型值
            </summary>
        </member>
        <member name="P:Buffalo.Kernel.Commons.PropertyType.CharValue">
            <summary>
            字符型
            </summary>
        </member>
        <member name="P:Buffalo.Kernel.Commons.PropertyType.DoubleValue">
            <summary>
            双精度型
            </summary>
        </member>
        <member name="P:Buffalo.Kernel.Commons.PropertyType.ShortValue">
            <summary>
            短整型
            </summary>
        </member>
        <member name="P:Buffalo.Kernel.Commons.PropertyType.LongValue">
            <summary>
            长整型
            </summary>
        </member>
        <member name="P:Buffalo.Kernel.Commons.PropertyType.FloatValue">
            <summary>
            浮点型
            </summary>
        </member>
        <member name="P:Buffalo.Kernel.Commons.PropertyType.ULongValue">
            <summary>
            无符号长整型
            </summary>
        </member>
        <member name="P:Buffalo.Kernel.Commons.PropertyType.UIntValue">
            <summary>
            无符号整型值
            </summary>
        </member>
        <member name="P:Buffalo.Kernel.Commons.PropertyType.UShortValue">
            <summary>
            无符号短整型
            </summary>
        </member>
        <member name="T:Buffalo.Kernel.ValueConvertExtend">
            <summary>
            类型转换扩展
            </summary>
            <summary>
            类型转换扩展
            </summary>
            <summary>
            类型转换扩展
            </summary>
        </member>
        <member name="M:Buffalo.Kernel.ValueConvertExtend.ConvertValue``1(System.Object,``0)">
            <summary>
            把object类型转成指定类型
            </summary>
            <typeparam name="T"></typeparam>
            <param name="value">值</param>
            <param name="defaultValue">默认值</param>
            <returns></returns>
        </member>
        <member name="M:Buffalo.Kernel.ValueConvertExtend.ConvertValue``1(System.Object)">
            <summary>
            把object类型转成指定类型
            </summary>
            <typeparam name="T"></typeparam>
            <param name="value">值</param>
            <param name="defaultValue">默认值</param>
            <returns></returns>
        </member>
        <member name="M:Buffalo.Kernel.ValueConvertExtend.ConvertTo``1(System.Object,``0)">
            <summary>
            转换数值到制定类型
            </summary>
            <typeparam name="T"></typeparam>
            <param name="value">值</param>
            <param name="defaultValue">默认值</param>
            <returns></returns>
        </member>
        <member name="M:Buffalo.Kernel.ValueConvertExtend.GetRowValueData``1(System.Data.DataRow,System.String,``0)">
            <summary>
            获取DataRow的值
            </summary>
            <typeparam name="T"></typeparam>
            <param name="row">DataRow</param>
            <param name="name">指定列名</param>
            <param name="defalutValue"></param>
            <returns></returns>
        </member>
        <member name="M:Buffalo.Kernel.ValueConvertExtend.GetRowValueData``1(System.Data.DataRow,System.String)">
            <summary>
            获取DataRow的值
            </summary>
            <typeparam name="T"></typeparam>
            <param name="row">DataRow</param>
            <param name="name">指定列名</param>
            <param name="defalutValue"></param>
            <returns></returns>
        </member>
        <member name="M:Buffalo.Kernel.ValueConvertExtend.GetRowValue``1(System.Data.DataRow,System.String,``0)">
            <summary>
            获取DataRow的值
            </summary>
            <typeparam name="T"></typeparam>
            <param name="row">DataRow</param>
            <param name="name">指定列名</param>
            <param name="defalutValue">找不到时候返回的默认值</param>
            <returns></returns>
        </member>
        <member name="M:Buffalo.Kernel.ValueConvertExtend.GetMapDataValue``1(System.Collections.IDictionary,System.Object,``0)">
            <summary>
            获取哈希表的值
            </summary>
            <typeparam name="T"></typeparam>
            <param name="ht">哈希表</param>
            <param name="key">键</param>
            <param name="defalutValue"></param>
            <returns></returns>
        </member>
        <member name="M:Buffalo.Kernel.ValueConvertExtend.GetMapDataValue``1(System.Collections.IDictionary,System.Object)">
            <summary>
            获取哈希表的值
            </summary>
            <typeparam name="T"></typeparam>
            <param name="ht">哈希表</param>
            <param name="key">键</param>
            <param name="defalutValue"></param>
            <returns></returns>
        </member>
        <member name="M:Buffalo.Kernel.ValueConvertExtend.GetMapValue``1(System.Collections.IDictionary,System.Object,``0)">
            <summary>
            获取哈希表的值
            </summary>
            <typeparam name="T"></typeparam>
            <param name="ht">哈希表</param>
            <param name="key">指定Key</param>
            <param name="defalutValue">找不到时候返回的默认值</param>
            <returns></returns>
        </member>
    </members>
</doc>
