<?xml version="1.0"?>
<doc>
    <assembly>
        <name>Buffalo.WebKernel</name>
    </assembly>
    <members>
        <member name="T:Buffalo.WebKernel.WebCommons.PageBases.PageBase`1">
            <summary>
            所有页面的基类
            </summary>
        </member>
        <member name="M:Buffalo.WebKernel.WebCommons.PageBases.PageContext.ShowResponseText(System.String)">
            <summary>
            直接把文字输出到页面
            </summary>
            <param name="content"></param>
        </member>
        <member name="M:Buffalo.WebKernel.WebCommons.PageBases.PageContext.AddTextKeyDown(System.Web.UI.Control)">
            <summary>
            给文本框控件添加keydown事件
            </summary>
            <param name="ctl">控件</param>
            <returns></returns>
        </member>
        <member name="M:Buffalo.WebKernel.WebCommons.PageBases.PageContext.LoadJsBlock(System.String,System.String)">
            <summary>
            向页面注册JS脚本
            </summary>
            <param name="jsName">JS块名</param>
            <param name="root">JS路径</param>
        </member>
        <member name="M:Buffalo.WebKernel.WebCommons.PageBases.PageContext.SetDefaultButton(System.Web.UI.Control)">
            <summary>
            设置本页面的默认提交控件
            </summary>
            <param name="conotrl"></param>
        </member>
        <member name="M:Buffalo.WebKernel.WebCommons.PageBases.PageContext.LoadCSS(System.String)">
            <summary>
            加载指定路径的CSS
            </summary>
            <param name="cssUrl">路径</param>
        </member>
        <member name="M:Buffalo.WebKernel.WebCommons.PageBases.PageContext.Alert(System.String,System.Boolean)">
            <summary>
            输出对话框
            </summary>
            <param name="message">需要输出的信息</param>
            <param name="isShowInLoadFinish">是否在页面加载完毕时候再弹出</param>
        </member>
        <member name="M:Buffalo.WebKernel.WebCommons.PageBases.PageContext.Alert(System.String)">
            <summary>
            输出对话框
            </summary>
            <param name="message">需要输出的信息</param>
        </member>
        <member name="M:Buffalo.WebKernel.WebCommons.PageBases.PageContext.JSRedirect(System.String)">
            <summary>
            重定向页面
            </summary>
            <param name="url">定向的页面</param>
        </member>
        <member name="M:Buffalo.WebKernel.WebCommons.PageBases.PageContext.ClearAllText">
            <summary>
            清空页面上所有的文本
            </summary>
        </member>
        <member name="M:Buffalo.WebKernel.WebCommons.PageBases.PageContext.ScrollToEnd">
            <summary>
            页面滚动到最下方
            </summary>
        </member>
        <member name="M:Buffalo.WebKernel.WebCommons.PageBases.PageContext.FillOrderBy(System.String,Buffalo.DB.QueryConditions.SortList)">
            <summary>
            填充排序
            </summary>
            <param name="lstSort"></param>
        </member>
        <member name="M:Buffalo.WebKernel.WebCommons.PageBases.PageContext.ChickOrderBy(System.String,System.String)">
            <summary>
            触发排序
            </summary>
            <param name="name">排序的表格名</param>
            <param name="sortName">排序的属性名</param>
            <returns></returns>
        </member>
        <member name="M:Buffalo.WebKernel.WebCommons.PageBases.PageContext.SetOrderByString(System.String,Buffalo.DB.QueryConditions.SortList)">
            <summary>
            保存设置排序的字符串
            </summary>
            <param name="name"></param>
            <param name="lstSort"></param>
        </member>
        <member name="M:Buffalo.WebKernel.WebCommons.PageBases.PageContext.GetOrderByString(Buffalo.DB.QueryConditions.SortList)">
            <summary>
            填充排序
            </summary>
            <param name="lstSort"></param>
        </member>
        <member name="M:Buffalo.WebKernel.WebCommons.PageBases.PageContext.GridBind">
            <summary>
            输出绑定
            </summary>
        </member>
        <member name="P:Buffalo.WebKernel.WebCommons.PageBases.PageContext.LoginUrl">
            <summary>
            当前用户的登陆地址
            </summary>
        </member>
        <member name="M:Buffalo.WebKernel.WebCommons.PageBases.PageBase`1.InitQueryString">
            <summary>
            初始化查询字符串
            </summary>
        </member>
        <member name="M:Buffalo.WebKernel.WebCommons.PageBases.PageBase`1.SetQueryString(System.String,System.String)">
            <summary>
            设置get传递的某个键的值
            </summary>
            <param name="key"></param>
            <param name="value"></param>
        </member>
        <member name="M:Buffalo.WebKernel.WebCommons.PageBases.PageBase`1.GetQueryString(System.String)">
            <summary>
            设置get传递的某个键的值
            </summary>
            <param name="key"></param>
            <param name="value"></param>
        </member>
        <member name="M:Buffalo.WebKernel.WebCommons.PageBases.PageBase`1.DeleteQueryString(System.String)">
            <summary>
            删除某个get传递的键值
            </summary>
            <param name="key"></param>
        </member>
        <member name="M:Buffalo.WebKernel.WebCommons.PageBases.PageBase`1.CreateQueryString">
            <summary>
            生成查询字符串
            </summary>
            <returns></returns>
        </member>
        <member name="P:Buffalo.WebKernel.WebCommons.PageBases.PageBase`1.UserSessionName">
            <summary>
            当前用户的Session名
            </summary>
        </member>
        <member name="P:Buffalo.WebKernel.WebCommons.PageBases.PageBase`1.CurrentUser">
            <summary>
            获取或设置当前登陆用户
            </summary>
        </member>
        <member name="M:Buffalo.WebKernel.WebCommons.ContorlCommons.ContorlCommon.ToColorString(System.Drawing.Color)">
            <summary>
            把颜色转成HTML颜色代码
            </summary>
            <param name="color">颜色</param>
            <returns></returns>
        </member>
        <member name="M:Buffalo.WebKernel.WebCommons.ContorlCommons.ContorlCommon.ColorStringToColor(System.String)">
            <summary>
            把颜色字符串转换成颜色
            </summary>
            <param name="colorString">颜色字符串</param>
            <returns></returns>
        </member>
        <member name="T:Buffalo.WebKernel.WebCommons.HTMLFilters.TickValueCollection">
            <summary>
            映射信息集合
            </summary>
        </member>
        <member name="M:Buffalo.WebKernel.WebCommons.HTMLFilters.TickValueCollection.#ctor(System.Collections.Generic.Dictionary{System.String,Buffalo.WebKernel.WebCommons.HTMLFilters.TickValue})">
            <summary>
            映射信息集合
            </summary>
            <param name="propertyInfoHandles">映射信息的哈希表</param>
        </member>
        <member name="P:Buffalo.WebKernel.WebCommons.HTMLFilters.TickValueCollection.Item(System.String)">
            <summary>
            根据属性名获取映射属性信息
            </summary>
            <param name="propertyName">属性名</param>
            <returns></returns>
        </member>
        <member name="P:Buffalo.WebKernel.WebCommons.HTMLFilters.TickValueCollection.Count">
            <summary>
            当前属性的数量
            </summary>
        </member>
        <member name="M:Buffalo.WebKernel.WebCommons.HTMLFilters.TickValue.#ctor(System.String,System.String)">
            <summary>
            标签属性
            </summary>
            <param name="attributeName">属性名</param>
            <param name="attributeValue">属性值</param>
        </member>
        <member name="P:Buffalo.WebKernel.WebCommons.HTMLFilters.TickValue.AttributeName">
            <summary>
            获取标签名
            </summary>
        </member>
        <member name="P:Buffalo.WebKernel.WebCommons.HTMLFilters.TickValue.AttributeValue">
            <summary>
            获取标签值
            </summary>
        </member>
        <member name="T:Buffalo.WebKernel.WebCommons.PostForms.FormPost">
            <summary>
            模拟向表单发送数据
            </summary>
        </member>
        <member name="M:Buffalo.WebKernel.WebCommons.PostForms.FormPost.PostData(System.String,System.Collections.Generic.Dictionary{System.String,System.String},System.Collections.Generic.IEnumerable{Buffalo.WebKernel.WebCommons.PostForms.FormFile})">
            <summary>
            发送数据
            </summary>
            <param name="actionUrl">发送的链接</param>
            <param name="prms">发送数据的字段和值</param>
            <param name="files">要发送的文件</param>
            <returns></returns>
        </member>
        <member name="M:Buffalo.WebKernel.WebCommons.PostForms.FormPost.PostDataStream(System.String,System.Collections.Generic.Dictionary{System.String,System.String},Buffalo.WebKernel.WebCommons.PostForms.FormFile[])">
            <summary>
            发送数据
            </summary>
            <param name="actionUrl">发送的链接</param>
            <param name="prms">发送数据的字段和值</param>
            <param name="files">要发送的文件</param>
            <returns></returns>
        </member>
        <member name="M:Buffalo.WebKernel.WebCommons.PostForms.FormPost.PostDataReader(System.String,System.Collections.Generic.Dictionary{System.String,System.String},Buffalo.WebKernel.WebCommons.PostForms.FormFile[])">
            <summary>
            发送数据
            </summary>
            <param name="actionUrl">发送的链接</param>
            <param name="prms">发送数据的字段和值</param>
            <param name="files">要发送的文件</param>
            <returns></returns>
        </member>
        <member name="M:Buffalo.WebKernel.WebCommons.PostForms.FormPost.Post(System.String,System.Collections.Generic.Dictionary{System.String,System.String},Buffalo.WebKernel.WebCommons.PostForms.PostHead)">
            <summary>
            HTTP POST方式
            </summary>
            <param name="weburl">POST到的网址</param>
            <param name="data">POST的参数及参数值</param>
            <param name="head">请求头</param>
            <returns></returns>
        </member>
        <member name="M:Buffalo.WebKernel.WebCommons.PostForms.FormPost.Post(System.String,System.Collections.Generic.Dictionary{System.String,System.String})">
            <summary>
            HTTP POST方式
            </summary>
            <param name="weburl">POST到的网址</param>
            <param name="data">POST的参数及参数值</param>
            <param name="head">请求头</param>
            <returns></returns>
        </member>
        <member name="M:Buffalo.WebKernel.WebCommons.PostForms.FormPost.GetParamValue(System.Collections.Generic.Dictionary{System.String,System.String})">
            <summary>
            请求参数
            </summary>
            <param name="prms"></param>
            <returns></returns>
        </member>
        <member name="M:Buffalo.WebKernel.WebCommons.PostForms.FormPost.PostDataResponse(System.String,System.Collections.Generic.Dictionary{System.String,System.String},Buffalo.WebKernel.WebCommons.PostForms.FormFile[])">
            <summary>
            发送数据
            </summary>
            <param name="actionUrl">发送的链接</param>
            <param name="prms">发送数据的字段和值</param>
            <param name="files">要发送的文件</param>
            <returns></returns>
        </member>
        <member name="M:Buffalo.WebKernel.WebCommons.PostForms.FormPost.PostData(System.Net.HttpWebRequest,Buffalo.WebKernel.WebCommons.PostForms.PostHead,System.Collections.Generic.Dictionary{System.String,System.String},System.Collections.Generic.IEnumerable{Buffalo.WebKernel.WebCommons.PostForms.FormFile})">
            <summary>
            发送数据
            </summary>
            <param name="request">发送请求</param>
            <param name="prms">发送数据的字段和值</param>
            <param name="files">要发送的文件</param>
            <returns></returns>
        </member>
        <member name="M:Buffalo.WebKernel.WebCommons.PostForms.FormPost.WriteData(System.IO.Stream,System.Byte[])">
            <summary>
            写入数据
            </summary>
            <param name="stm"></param>
            <param name="data"></param>
        </member>
        <member name="M:Buffalo.WebKernel.WebCommons.PostForms.FormPost.WriteString(System.IO.Stream,System.String,System.Text.Encoding)">
            <summary>
            写入字符串
            </summary>
            <param name="stm"></param>
            <param name="data"></param>
        </member>
        <member name="M:Buffalo.WebKernel.WebCommons.PostForms.FormPost.GetData(System.String,Buffalo.WebKernel.WebCommons.PostForms.PostHead)">
            <summary>
            Get获取数据
            </summary>
            <param name="actionUrl">发送的链接</param>
            <returns></returns>
        </member>
        <member name="M:Buffalo.WebKernel.WebCommons.PostForms.FormPost.GetData(System.String)">
            <summary>
            Get获取数据
            </summary>
            <param name="actionUrl">发送的链接</param>
            <returns></returns>
        </member>
        <member name="M:Buffalo.WebKernel.WebCommons.PostForms.FormPost.GetStreamReader(System.Net.HttpWebResponse,System.Text.Encoding)">
            <summary>
            获取流读取器
            </summary>
            <param name="rep"></param>
            <returns></returns>
        </member>
        <member name="M:Buffalo.WebKernel.WebCommons.PostForms.FormPost.GetEncodingFromBody(System.String)">
            <summary>
            从页面中读取编码
            </summary>
            <param name="buffer"></param>
            <returns></returns>
        </member>
        <member name="M:Buffalo.WebKernel.WebCommons.PostForms.FormPost.GetDataResponse(System.String,Buffalo.WebKernel.WebCommons.PostForms.PostHead)">
            <summary>
            Get获取数据
            </summary>
            <param name="actionUrl">发送的链接</param>
            <returns></returns>
        </member>
        <member name="M:Buffalo.WebKernel.WebCommons.PostForms.FormPost.GetDataResponse(System.String)">
            <summary>
            Get获取数据
            </summary>
            <param name="actionUrl">发送的链接</param>
            <returns></returns>
        </member>
        <member name="M:Buffalo.WebKernel.WebCommons.PostForms.FormPost.GetDataReader(System.String,Buffalo.WebKernel.WebCommons.PostForms.PostHead)">
            <summary>
            Get获取数据
            </summary>
            <param name="actionUrl">发送的链接</param>
            <returns></returns>
        </member>
        <member name="M:Buffalo.WebKernel.WebCommons.PostForms.FormPost.GetDataReader(System.String)">
            <summary>
            Get获取数据
            </summary>
            <param name="actionUrl">发送的链接</param>
            <returns></returns>
        </member>
        <member name="M:Buffalo.WebKernel.WebCommons.PostForms.FormPost.GetDataStream(System.String,Buffalo.WebKernel.WebCommons.PostForms.PostHead)">
            <summary>
            Get获取数据
            </summary>
            <param name="actionUrl">发送的链接</param>
            <returns></returns>
        </member>
        <member name="M:Buffalo.WebKernel.WebCommons.PostForms.FormPost.GetDataStream(System.String)">
            <summary>
            Get获取数据
            </summary>
            <param name="actionUrl">发送的链接</param>
            <returns></returns>
        </member>
        <member name="M:Buffalo.WebKernel.WebCommons.PostForms.FormPost.CreateGetHttpResponse(System.String,Buffalo.WebKernel.WebCommons.PostForms.PostHead)">
            <summary>  
            创建GET方式的HTTP请求  
            </summary>  
            <param name="url">请求的URL</param>  
            <param name="timeout">请求的超时时间</param>  
            <param name="userAgent">请求的客户端浏览器信息，可以为空</param>  
            <param name="cookies">随同HTTP请求发送的Cookie信息，如果不需要身份验证可以为空</param>  
            <returns></returns>  
        </member>
        <member name="M:Buffalo.WebKernel.WebCommons.PostForms.FormPost.CreatePostHttpResponse(System.String,System.Collections.Generic.IDictionary{System.String,System.String},Buffalo.WebKernel.WebCommons.PostForms.PostHead)">
            <summary>  
            创建POST方式的HTTP请求  
            </summary>  
            <param name="url">请求的URL</param>  
            <param name="parameters">随同请求POST的参数名称及参数值字典</param>  
            <param name="timeout">请求的超时时间</param>  
            <param name="userAgent">请求的客户端浏览器信息，可以为空</param>  
            <param name="requestEncoding">发送HTTP请求时所用的编码</param>  
            <param name="cookies">随同HTTP请求发送的Cookie信息，如果不需要身份验证可以为空</param>  
            <returns></returns>  
        </member>
        <member name="P:Buffalo.WebKernel.WebCommons.PostForms.FormPost.RequestHead">
            <summary>
            请求头
            </summary>
        </member>
        <member name="T:Buffalo.WebKernel.WebCommons.ContorlCommons.JsSaver">
            <summary>
            自动保存JS的类
            </summary>
        </member>
        <member name="F:Buffalo.WebKernel.WebCommons.ContorlCommons.JsSaver.defaultDirectory">
            <summary>
            默认的JS存放文件夹
            </summary>
        </member>
        <member name="M:Buffalo.WebKernel.WebCommons.ContorlCommons.JsSaver.GetDefualtJsUrl(System.String)">
            <summary>
            获取JS文件路径
            </summary>
            <param name="fileName">JS文件名</param>
            <returns></returns>
        </member>
        <member name="M:Buffalo.WebKernel.WebCommons.ContorlCommons.JsSaver.SaveJS(System.String,System.Byte[])">
            <summary>
            保存JS文件的方法
            </summary>
            <param name="fileName">JS文件名</param>
            <param name="jsContent">JS内容</param>
        </member>
        <member name="M:Buffalo.WebKernel.WebCommons.ContorlCommons.JsSaver.SaveJS(System.String,System.String)">
            <summary>
            保存JS文件的方法
            </summary>
            <param name="fileName">JS文件名</param>
            <param name="jsContent">JS内容</param>
        </member>
        <member name="P:Buffalo.WebKernel.WebCommons.ContorlCommons.JsSaver.BaseSavePath">
            <summary>
            sctipt的基础保存目录
            </summary>
        </member>
        <member name="M:Buffalo.WebKernel.WebCommons.WebPageCommon.FindControl(System.String,System.Web.UI.Control)">
            <summary>
            在页面中查找控件(跨模板容器)
            </summary>
            <param name="controlId">控件ID</param>
            <param name="currentPage">要查找的页面</param>
            <returns></returns>
        </member>
        <member name="M:Buffalo.WebKernel.WebCommons.WebPageCommon.FindControlInMaster(System.Web.UI.MasterPage,System.String,System.Collections.Generic.Stack{System.Collections.IList})">
            <summary>
            递归穷举所有模板里的容器
            </summary>
            <param name="masterPage">当前模板</param>
            <param name="id">控件ID</param>
            <param name="currentPage">要查找的页面</param>
            <returns></returns>
        </member>
        <member name="M:Buffalo.WebKernel.WebCommons.WebPageCommon.FindInChildMaster(System.Collections.Generic.Queue{System.Web.UI.Control},System.Collections.Generic.Stack{System.Collections.IList},System.String)">
            <summary>
            在字模板查找控件
            </summary>
            <param name="masterPages"></param>
            <param name="stkNames"></param>
            <param name="contorlId"></param>
            <returns></returns>
        </member>
        <member name="M:Buffalo.WebKernel.WebCommons.WebPageCommon.GetControlViewState(System.Web.UI.Control)">
            <summary>
            获取控件的ViewState
            </summary>
            <param name="ctr"></param>
            <returns></returns>
        </member>
        <member name="T:Buffalo.WebKernel.ARTDialog.DialogSkin">
            <summary>
            提示框样式
            </summary>
        </member>
        <!-- 对于成员“M:Buffalo.WebKernel.WebCommons.PagerCommon.AutoBtnClick.SaveJs”忽略有格式错误的 XML 注释 -->
        <member name="M:Buffalo.WebKernel.WebCommons.PagerCommon.AutoBtnClick.CreateJS">
            <summary>
            生成提交的JS
            </summary>
            <returns></returns>
        </member>
        <member name="T:Buffalo.WebKernel.WebCommons.PostForms.PostHead">
            <summary>
            请求头
            </summary>
        </member>
        <member name="M:Buffalo.WebKernel.WebCommons.PostForms.PostHead.CreateHeader">
            <summary>
            创建头
            </summary>
            <returns></returns>
        </member>
        <member name="M:Buffalo.WebKernel.WebCommons.PostForms.PostHead.FillInfo(System.Net.HttpWebRequest)">
            <summary>
            填充信息
            </summary>
            <param name="request"></param>
        </member>
        <member name="P:Buffalo.WebKernel.WebCommons.PostForms.PostHead.UserAgent">
            <summary>
            浏览器UA
            </summary>
        </member>
        <member name="P:Buffalo.WebKernel.WebCommons.PostForms.PostHead.PageEncoding">
            <summary>
            页面编码
            </summary>
        </member>
        <member name="P:Buffalo.WebKernel.WebCommons.PostForms.PostHead.Timeout">
            <summary>
            超时时间(毫秒)
            </summary>
        </member>
        <member name="P:Buffalo.WebKernel.WebCommons.PostForms.PostHead.KeepAlive">
            <summary>
            保持活动
            </summary>
        </member>
        <member name="P:Buffalo.WebKernel.WebCommons.PostForms.PostHead.CookieContainer">
            <summary>
            Cookies容器
            </summary>
        </member>
        <member name="P:Buffalo.WebKernel.WebCommons.PostForms.PostHead.ContentType">
            <summary>
            内容类型
            </summary>
        </member>
        <member name="P:Buffalo.WebKernel.WebCommons.PostForms.PostHead.Accept">
            <summary>
            Accept头
            </summary>
        </member>
        <member name="P:Buffalo.WebKernel.WebCommons.PostForms.PostHead.Connection">
            <summary>
            HTTP 标头的值。默认值为 null。
            </summary>
        </member>
        <member name="P:Buffalo.WebKernel.WebCommons.PostForms.PostHead.Proxy">
            <summary>
            代理
            </summary>
        </member>
        <member name="M:Buffalo.WebKernel.WebCommons.HTMLFilters.Decoder.AddDecoder(System.String,Buffalo.WebKernel.WebCommons.HTMLFilters.DoDecode)">
            <summary>
            添加UBB标签解释器
            </summary>
            <param name="tickName">标签名</param>
            <param name="info">标签信息</param>
        </member>
        <member name="M:Buffalo.WebKernel.WebCommons.HTMLFilters.Decoder.GetDecoder(System.String)">
            <summary>
            根据标签名获取标签处理的委托
            </summary>
            <param name="tickName">标签名</param>
            <returns></returns>
        </member>
        <member name="T:Buffalo.Kernel.ZipUnit.SharpUnZipFile">
            <summary>
            SharpZip解压文件
            </summary>
        </member>
        <member name="M:Buffalo.Kernel.ZipUnit.SharpUnZipFile.#ctor(System.IO.Stream)">
            <summary>
            SharpZip解压文件
            </summary>
            <param name="baseStream">解压包的流</param>
        </member>
        <member name="M:Buffalo.Kernel.ZipUnit.SharpUnZipFile.UnZipFiles(System.String)">
            <summary>
            解压缩
            </summary>
            <param name="p">需解压缩的文件或文件夹</param>
            <param name="ServerDir">父级文件夹绝对路径</param>
        </member>
        <member name="M:Buffalo.Kernel.ZipUnit.SharpUnZipFile.GetContentStream">
            <summary>
            获取包里的文件名和内容
            </summary>
            <returns></returns>
        </member>
        <member name="M:Buffalo.Kernel.ZipUnit.SharpUnZipFile.UnZip(System.IO.Stream)">
            <summary>
            解压到流
            </summary>
            <param name="stm"></param>
        </member>
        <member name="M:Buffalo.WebKernel.WebCommons.PagerUrlCreater.GetUrl">
            <summary>
            根据键值生成url
            </summary>
            <returns></returns>
        </member>
        <member name="P:Buffalo.WebKernel.WebCommons.PagerUrlCreater.Item(System.String)">
            <summary>
            根据键值的变量集合
            </summary>
        </member>
        <member name="T:Buffalo.WebKernel.WebCommons.PostForms.FormFile">
            <summary>
            发送请求的文件类
            </summary>
        </member>
        <member name="P:Buffalo.WebKernel.WebCommons.PostForms.FormFile.Data">
            <summary>
            上传文件的数据
            </summary>
        </member>
        <member name="P:Buffalo.WebKernel.WebCommons.PostForms.FormFile.FileName">
            <summary>
            文件名称
            </summary>
        </member>
        <member name="P:Buffalo.WebKernel.WebCommons.PostForms.FormFile.FormName">
            <summary>
            表单字段名称
            </summary>
        </member>
        <member name="P:Buffalo.WebKernel.WebCommons.PostForms.FormFile.ContentType">
            <summary>
            内容类型
            </summary>
        </member>
        <member name="T:Buffalo.WebKernel.WebCommons.HTMLFilters.TickValueEnumerator">
            <summary>
            映射的枚举类
            </summary>
        </member>
        <member name="M:Buffalo.WebKernel.WebCommons.HTMLFilters.HTMLFilter.CallTacketValueFinish(Buffalo.WebKernel.WebCommons.HTMLFilters.TickValue)">
            <summary>
            通知外部标签属性信息加载完毕
            </summary>
            <param name="value"></param>
        </member>
        <member name="M:Buffalo.WebKernel.WebCommons.HTMLFilters.HTMLFilter.AddDecoder(System.String,Buffalo.WebKernel.WebCommons.HTMLFilters.DoDecode,System.Boolean)">
            <summary>
            添加UBB标签解释器
            </summary>
            <param name="tickName">标签名</param>
            <param name="info">标签信息</param>
            <param name="hasInnerText)">是否含有文本</param>
        </member>
        <member name="M:Buffalo.WebKernel.WebCommons.HTMLFilters.HTMLFilter.ReadHtml">
            <summary>
            解释UBB字符串
            </summary>
            <returns></returns>
        </member>
        <member name="T:Buffalo.WebKernel.ARTDialogReource">
            <summary>
              一个强类型的资源类，用于查找本地化的字符串等。
            </summary>
        </member>
        <member name="P:Buffalo.WebKernel.ARTDialogReource.ResourceManager">
            <summary>
              返回此类使用的缓存的 ResourceManager 实例。
            </summary>
        </member>
        <member name="P:Buffalo.WebKernel.ARTDialogReource.Culture">
            <summary>
              使用此强类型资源类，为所有资源查找
              重写当前线程的 CurrentUICulture 属性。
            </summary>
        </member>
        <member name="P:Buffalo.WebKernel.ARTDialogReource.artdialog">
            <summary>
              查找 System.Byte[] 类型的本地化资源。
            </summary>
        </member>
        <!-- 对于成员“P:Buffalo.WebKernel.ARTDialogReource.artdialogshow”忽略有格式错误的 XML 注释 -->
        <member name="T:Buffalo.WebKernel.WebCommons.StopAppDomainRestartOnFolderDeleteModule">
            <summary>
            关闭IIS文件改变导致重启
            </summary>
        </member>
        <member name="T:Buffalo.WebKernel.WebCommons.LogCodeCreate">
            <summary>
            LogCodeCreate 的摘要说明。
            </summary>
        </member>
        <member name="M:Buffalo.WebKernel.WebCommons.LogCodeCreate.GenerateCheckCode">
            <summary>
            生成随机效验码字符串
            </summary>
            <returns>生成随机效验码字符串</returns>
        </member>
        <member name="M:Buffalo.WebKernel.WebCommons.LogCodeCreate.CreateCheckCodeImage(System.String)">
            <summary>
            根据效验码输出图片
            </summary>
            <param name="checkCode">产生的随机效验码</param>
        </member>
        <member name="M:Buffalo.WebKernel.WebCommons.LogCodeCreate.NextCodeImage">
            <summary>
            获取下一张随机图片
            </summary>
            <returns></returns>
        </member>
        <member name="P:Buffalo.WebKernel.WebCommons.LogCodeCreate.CurrentCode">
            <summary>
            获取当前的验证码
            </summary>
        </member>
        <member name="M:Buffalo.Kernel.ZipUnit.SharpZipFile.#ctor(System.IO.Stream,System.Int32)">
            <summary>
            压缩文件
            </summary>
            <param name="baseStream">基础流</param>
            <param name="ziplevel">压缩等级</param>
        </member>
        <member name="M:Buffalo.Kernel.ZipUnit.SharpZipFile.GetDirectoryName(System.String)">
            <summary>
            获取文件夹名
            </summary>
            <param name="root"></param>
            <returns></returns>
        </member>
        <member name="M:Buffalo.Kernel.ZipUnit.SharpZipFile.GetFileName(System.String)">
            <summary>
            获取文件名
            </summary>
            <param name="root"></param>
            <returns></returns>
        </member>
        <member name="M:Buffalo.Kernel.ZipUnit.SharpZipFile.AddZipEntry(System.String,System.Byte[])">
            <summary>
            添加压缩项目
            </summary>
            <param name="fileName">文件名</param>
            <param name="content">内容m</param>
        </member>
        <member name="M:Buffalo.Kernel.ZipUnit.SharpZipFile.AddZipEntry(System.String,System.IO.Stream)">
            <summary>
            添加压缩项目
            </summary>
            <param name="fileName">文件名</param>
            <param name="stm">内容</param>
        </member>
        <member name="M:Buffalo.Kernel.ZipUnit.SharpZipFile.AddZipEntry(System.String,System.String)">
            <summary>
            添加压缩项目
            </summary>
            <param name="fileName">文件名</param>
            <param name="filePath">文件路径</param>
        </member>
        <member name="M:Buffalo.WebKernel.WebCommons.UBB.UbbDecode(System.String)">
            <summary>
            把UBB代码解释成HTML代码
            </summary>
            <param name="str"></param>
            <returns></returns>
        </member>
        <member name="T:Buffalo.WebKernel.WebCommons.PagerCommon.PagerType">
            <summary>
            分页保存的地方
            </summary>
        </member>
        <member name="F:Buffalo.WebKernel.WebCommons.PagerCommon.PagerType.ViewStateRecord">
            <summary>
            放在ViewState
            </summary>
        </member>
        <member name="F:Buffalo.WebKernel.WebCommons.PagerCommon.PagerType.RequestUrl">
            <summary>
            放在url
            </summary>
        </member>
        <member name="M:Buffalo.WebKernel.WebCommons.PagerCommon.PagerBase.Redirect(Buffalo.WebKernel.WebCommons.PagerUrlCreater)">
            <summary>
            重定向到指定页
            </summary>
            <param name="url">url参数</param>
        </member>
        <member name="M:Buffalo.WebKernel.WebCommons.PagerCommon.PagerBase.FillPageNum">
            <summary>
            填充数据
            </summary>
        </member>
        <member name="M:Buffalo.WebKernel.WebCommons.PagerCommon.PagerBase.DoPageIndexChange(System.Object,System.Int64)">
            <summary>
            对控件进行翻页处理
            </summary>
            <param name="sender"></param>
            <param name="currentIndex"></param>
        </member>
        <member name="P:Buffalo.WebKernel.WebCommons.PagerCommon.PagerBase.RequestPageNumName">
            <summary>
            当前Url名称
            </summary>
        </member>
        <member name="P:Buffalo.WebKernel.WebCommons.PagerCommon.PagerBase.TotalPage">
            <summary>
            总页数
            </summary>
        </member>
        <member name="P:Buffalo.WebKernel.WebCommons.PagerCommon.PagerBase.PagerType">
            <summary>
            分页类型
            </summary>
        </member>
        <member name="P:Buffalo.WebKernel.WebCommons.PagerCommon.PagerBase.CurrentPage">
            <summary>
            总页数
            </summary>
        </member>
        <member name="P:Buffalo.WebKernel.WebCommons.PagerCommon.PagerBase.DataSource">
            <summary>
            数据源
            </summary>
        </member>
        <member name="T:Buffalo.WebKernel.ARTDialog.ArtIcons">
            <summary>
            图标
            </summary>
        </member>
        <member name="M:Commons.WebServicesLoader.LoadWebServices``1(System.String,System.Object[])">
            <summary>
            加载webservices
            </summary>
            <typeparam name="T">webservices的类型</typeparam>
            <param name="urlName">配置的名称</param>
            <param name="args">参数类型</param>
            <returns></returns>
        </member>
        <member name="M:Commons.WebServicesLoader.LoadWebServices``1(System.String)">
            <summary>
            加载webservices
            </summary>
            <typeparam name="T">webservices的类型</typeparam>
            <param name="urlName">配置的名称</param>
            <returns></returns>
        </member>
        <member name="M:Buffalo.WebKernel.WebCommons.WebCommon.HTMLEncode(System.Object)">
            <summary>
            把原文转换成HTML文字
            </summary>
            <param name="str">原文</param>
            <returns></returns>
        </member>
        <member name="M:Buffalo.WebKernel.WebCommons.WebCommon.InitContentType">
            <summary>
            初始化类型
            </summary>
            <returns></returns>
        </member>
        <member name="M:Buffalo.WebKernel.WebCommons.WebCommon.GetContentType(System.String)">
            <summary>
            获取输出类型
            </summary>
            <param name="exName">扩展名</param>
            <returns></returns>
        </member>
        <member name="M:Buffalo.WebKernel.WebCommons.WebCommon.GetClientIP">
            <summary>
            获取客户端的IP
            </summary>
            <returns></returns>
        </member>
        <member name="M:Buffalo.WebKernel.WebCommons.WebCommon.HTMLDecode(System.String)">
            <summary>
            把HTML文字转换成原文
            </summary>
            <param name="strHTML">html文字</param>
            <returns></returns>
        </member>
        <member name="M:Buffalo.WebKernel.WebCommons.WebCommon.ForamtStringCount(System.Object,System.Int32)">
            <summary>
            格式化表格/层的显示字符串
            </summary>
            <param name="str">字符串</param>
            <param name="count">总数</param>
            <returns></returns>
        </member>
        <member name="M:Buffalo.WebKernel.WebCommons.WebCommon.ToBreakWord(System.Object,System.Int32)">
            <summary>
            给字符串自动加空格以让表格自动换行
            </summary>
            <param name="str">字符串</param>
            <param name="count"></param>
            <returns></returns>
        </member>
        <member name="M:Buffalo.WebKernel.WebCommons.WebCommon.GetVirPath">
            <summary>
            获取系统的虚拟目录
            </summary>
            <returns></returns>
        </member>
        <member name="M:Buffalo.WebKernel.WebCommons.WebCommon.GetVirRoot">
            <summary>
            获取系统的域名+虚拟目录
            </summary>
            <returns></returns>
        </member>
        <member name="M:Buffalo.WebKernel.WebCommons.WebCommon.IsAllowedExtension(System.Web.HttpPostedFile)">
            <summary>
            是否允许该扩展名上传
            </summary>
            <param name="hifile">上传控件</param>
            <returns></returns>
        </member>
        <member name="M:Buffalo.WebKernel.WebCommons.WebCommon.IsAllowedLength(System.Web.HttpPostedFile)">
            <summary>
            判断上传文件大小是否超过最大值
            </summary>
            <param name="hifile">HtmlInputFile控件</param>
            <returns>超过最大值返回false,否则返回true.</returns>
        </member>
        <member name="M:Buffalo.WebKernel.WebCommons.WebCommon.ShowFile(System.Byte[],System.String)">
            <summary>
            把文件写到回传对象
            </summary>
            <param name="file"></param>
            <param name="fileName"></param>
        </member>
        <member name="M:Buffalo.WebKernel.WebCommons.WebCommon.ShowFile(System.String,System.Byte[],System.String)">
            <summary>
            把文件写到回传对象
            </summary>
            <param name="file"></param>
            <param name="fileName"></param>
        </member>
        <member name="M:Buffalo.WebKernel.WebCommons.WebCommon.JSStringEncode(System.String)">
            <summary>
            格式化JS的字符串
            </summary>
            <param name="js"></param>
            <returns></returns>
        </member>
        <member name="P:Buffalo.WebKernel.WebCommons.WebCommon.CurrentPageName">
            <summary>
            当前页面名
            </summary>
        </member>
        <member name="T:Buffalo.WebKernel.WebCommons.HTMLFilters.HtmlTickInfo">
            <summary>
            标签信息类
            </summary>
        </member>
        <member name="M:Buffalo.WebKernel.WebCommons.HTMLFilters.HtmlTickInfo.#ctor(System.String)">
            <summary>
            根据html代码获取标签信息
            </summary>
            <param name="html">html代码</param>
        </member>
        <member name="M:Buffalo.WebKernel.WebCommons.HTMLFilters.HtmlTickInfo.LoadTickInfo(System.String)">
            <summary>
            读取标签信息
            </summary>
            <param name="strTick"></param>
            <returns></returns>
        </member>
        <member name="P:Buffalo.WebKernel.WebCommons.HTMLFilters.HtmlTickInfo.TickName">
            <summary>
            标签名
            </summary>
        </member>
        <member name="P:Buffalo.WebKernel.WebCommons.HTMLFilters.HtmlTickInfo.TickAttributes">
            <summary>
            标签值
            </summary>
        </member>
        <member name="P:Buffalo.WebKernel.WebCommons.HTMLFilters.HtmlTickInfo.InnerText">
            <summary>
            标签包含文本
            </summary>
        </member>
        <member name="P:Buffalo.WebKernel.WebCommons.HTMLFilters.HtmlTickInfo.IsEnd">
            <summary>
            是否结束标签
            </summary>
        </member>
        <member name="M:Buffalo.WebKernel.WebCommons.WipeHtml.Remove(System.String)">
            <summary>         
             移除HTMl 标记         
            </summary>         
            <param name="Html"> </param>               
            <returns> </returns>         
        </member>
        <member name="M:Buffalo.WebKernel.WebCommons.WipeHtml.WipeScript(System.String)">
            <summary>         
            过略所有的 危险标记         
            </summary>         
            <param name="html"> </param>         
            <returns> </returns>         
        </member>
        <member name="M:Buffalo.WebKernel.WebCommons.LoginRecord.ClearLogin">
            <summary>
            清空登陆信息
            </summary>
        </member>
        <member name="M:Buffalo.WebKernel.WebCommons.LoginRecord.RemoveCookies(System.String)">
            <summary>
            移除指定键的Cookies
            </summary>
            <param name="key">键</param>
        </member>
        <member name="M:Buffalo.WebKernel.WebCommons.LoginRecord.GetCookiesValue(System.String)">
            <summary>
            获取cookies的值
            </summary>
            <param name="key">对应键</param>
            <returns></returns>
        </member>
        <member name="M:Buffalo.WebKernel.WebCommons.LoginRecord.SetCookiesValue(System.String,System.String)">
            <summary>
            设置cookies
            </summary>
            <param name="key">cookies键</param>
            <param name="value">值</param>
        </member>
        <member name="M:Buffalo.WebKernel.WebCommons.LoginRecord.SetCookiesValue(System.String,System.String,System.DateTime)">
            <summary>
            设置cookies
            </summary>
            <param name="key">cookies键</param>
            <param name="value">值</param>
            <param name="expiresTime">过期时间</param>
        </member>
        <member name="P:Buffalo.WebKernel.WebCommons.LoginRecord.Name">
            <summary>
            用户名
            </summary>
        </member>
        <member name="P:Buffalo.WebKernel.WebCommons.LoginRecord.Password">
            <summary>
            密码
            </summary>
        </member>
        <member name="T:Buffalo.WebKernel.ARTDialog.ArtDialog">
            <summary>
            ArtDialog类
            </summary>
        </member>
        <member name="F:Buffalo.WebKernel.ARTDialog.ArtDialog._dicSkin">
            <summary>
            皮肤信息集合
            </summary>
        </member>
        <member name="M:Buffalo.WebKernel.ARTDialog.ArtDialog.InitDialog">
            <summary>
            初始化对话框
            </summary>
            <returns></returns>
        </member>
        <member name="M:Buffalo.WebKernel.ARTDialog.ArtDialog.GetSkin">
            <summary>
            获取皮肤信息
            </summary>
            <returns></returns>
        </member>
        <member name="M:Buffalo.WebKernel.ARTDialog.ArtDialog.#ctor">
            <summary>
            ArtDialog
            </summary>
        </member>
        <member name="M:Buffalo.WebKernel.ARTDialog.ArtDialog.#ctor(Buffalo.WebKernel.ARTDialog.DialogSkin)">
            <summary>
            ArtDialog
            </summary>
        </member>
        <member name="M:Buffalo.WebKernel.ARTDialog.ArtDialog.#ctor(System.String)">
            <summary>
            ArtDialog
            </summary>
        </member>
        <member name="M:Buffalo.WebKernel.ARTDialog.ArtDialog.GetCloseDialogJS(System.Boolean)">
            <summary>
            获取关闭窗体的JS
            </summary>
            <param name="top">是否关闭顶层窗口</param>
            <returns></returns>
        </member>
        <member name="M:Buffalo.WebKernel.ARTDialog.ArtDialog.GetCloseDialogJS">
            <summary>
            获取关闭窗体的JS
            </summary>
            <returns></returns>
        </member>
        <member name="M:Buffalo.WebKernel.ARTDialog.ArtDialog.RegisterJS(System.String)">
            <summary>
            引用JS文件
            </summary>
            <param name="jsName">文件名</param>
        </member>
        <member name="M:Buffalo.WebKernel.ARTDialog.ArtDialog.GetBooleanString(System.Boolean)">
            <summary>
            获取布尔型的字符串
            </summary>
            <param name="value"></param>
            <returns></returns>
        </member>
        <member name="M:Buffalo.WebKernel.ARTDialog.ArtDialog.GetJSValue(System.String,System.Boolean)">
            <summary>
            获取值的JS表示
            </summary>
            <param name="value">值</param>
            <param name="isString">是否字符串</param>
            <returns></returns>
        </member>
        <member name="M:Buffalo.WebKernel.ARTDialog.ArtDialog.ShowDialog(System.String,System.String,System.Int32,System.Int32,System.Boolean,System.String,System.Boolean,System.String)">
            <summary>
            显示提示框
            </summary>
            <param name="title">标题</param>
            <param name="content">内容</param>
            <param name="width">宽</param>
            <param name="height">高</param>
            <param name="isDialog">是否模态窗口</param>
            <param name="findParent">查找父窗体</param>
             <param name="icon">图标标识(ArtIcons)</param>
             <param name="closeHandle">关闭时候触发的JS</param>
        </member>
        <member name="M:Buffalo.WebKernel.ARTDialog.ArtDialog.Alert(System.String,System.Boolean,System.String)">
            <summary>
            显示提示框
            </summary>
            <param name="title">标题</param>
            <param name="top">是否顶层窗口弹出对话框</param>
            <param name="content">内容</param>
        </member>
        <member name="M:Buffalo.WebKernel.ARTDialog.ArtDialog.Alert(System.String)">
            <summary>
            显示提示框
            </summary>
            <param name="content">内容</param>
        </member>
        <member name="M:Buffalo.WebKernel.ARTDialog.ArtDialog.SuccessDialog(System.String,System.Boolean,System.String)">
            <summary>
            显示提示框
            </summary>
            <param name="title">标题</param>
            <param name="top">是否顶层窗口弹出对话框</param>
            <param name="content">内容</param>
        </member>
        <member name="M:Buffalo.WebKernel.ARTDialog.ArtDialog.SuccessDialog(System.String)">
            <summary>
            显示提示框
            </summary>
            <param name="content">内容</param>
        </member>
        <member name="M:Buffalo.WebKernel.ARTDialog.ArtDialog.ErrorDialog(System.String,System.Boolean,System.String)">
            <summary>
            显示提示框
            </summary>
            <param name="title">标题</param>
            <param name="top">是否顶层窗口弹出对话框</param>
            <param name="content">内容</param>
        </member>
        <member name="M:Buffalo.WebKernel.ARTDialog.ArtDialog.ErrorDialog(System.String)">
            <summary>
            显示提示框
            </summary>
            <param name="content">内容</param>
        </member>
        <member name="M:Buffalo.WebKernel.ARTDialog.ArtDialog.WarningDialog(System.String,System.Boolean,System.String)">
            <summary>
            显示提示框
            </summary>
            <param name="title">标题</param>
            <param name="top">是否顶层窗口弹出对话框</param>
            <param name="content">内容</param>
        </member>
        <member name="M:Buffalo.WebKernel.ARTDialog.ArtDialog.WarningDialog(System.String)">
            <summary>
            显示提示框
            </summary>
            <param name="content">内容</param>
        </member>
        <member name="M:Buffalo.WebKernel.ARTDialog.ArtDialog.GetFrameDialog(System.String,System.String,System.Int32,System.Int32,System.Boolean,System.String)">
            <summary>
            获取iframe弹出窗的JS
            </summary>
            <param name="url">iframe地址</param>
            <param name="title">标题</param>
            <param name="width">宽度</param>
            <param name="height">高度</param>
            <param name="isDialog">是否模态窗口</param>
            <param name="closeHandle">关闭时候执行的方法</param>
            <returns></returns>
        </member>
        <member name="P:Buffalo.WebKernel.ARTDialog.ArtDialog.DefaultTitle">
            <summary>
            默认标题
            </summary>
        </member>
        <member name="P:Buffalo.WebKernel.ARTDialog.ArtDialog.CurPage">
            <summary>
            当前页面
            </summary>
        </member>
        <member name="P:Buffalo.WebKernel.ARTDialog.ArtDialog.DefauleWidth">
            <summary>
            默认宽度
            </summary>
        </member>
        <member name="P:Buffalo.WebKernel.ARTDialog.ArtDialog.DefauleHeight">
            <summary>
            默认高度
            </summary>
        </member>
    </members>
</doc>
